amount,time,feature1,feature2,feature3,feature4,Fraud
84.05,11:05,0.32393308003974813,560,0.1759590777965576,10,0.0
40.81,13:25,0.360730736336004,1845,0.20094709605752145,15,0.0
17.49,09:49,0.2449088817445146,625,0.4609005340552667,18,0.0
41.64,10:06,0.35899484845549423,1768,0.08163153774516428,17,0.0
2867.34,04:04,0.88526283406392,38,0.9088063514123428,100,1.0
19.52,11:29,0.047651252979212244,714,0.24615600446161337,13,0.0
48.63,12:48,0.2595395854886856,431,0.22004393645019488,19,0.0
136.48,10:16,0.25455390587150195,641,0.06401148885377546,15,0.0
18.51,16:52,0.3220381582788034,1981,0.5274697434707658,17,0.0
346.02,10:58,0.16924256161089987,202,0.2704957575166859,11,0.0
19.13,10:43,0.21949426076565962,760,0.2858566293688506,16,0.0
154.1,16:03,0.06243339889073837,757,0.2811928170913337,23,0.0
50.06,16:42,0.11817595660028521,1265,0.6062248412474447,18,0.0
123.58,10:47,0.4338621734390451,1632,0.10417146514461044,18,0.0
29.11,12:11,0.32421574907412337,465,0.10339567899744104,22,0.0
81.26,13:18,0.3606428013690071,1304,0.5270853456240896,14,0.0
79.0,09:04,0.23564693022956085,170,0.3584944292236963,14,0.0
246.14,13:58,0.26104650087196657,1273,0.24271898618138313,16,0.0
76.25,12:12,0.056493631022717594,1823,0.569700810738469,18,0.0
290.38,09:20,0.3750278144199514,749,0.08991902313543458,17,0.0
100.25,12:26,0.456461974116075,1019,0.3459859915429232,15,0.0
178.49,17:54,0.343608195512725,1261,0.5502466552653651,12,0.0
240.14,16:30,0.3746100986869324,1192,0.312261726339953,17,0.0
178.93,11:13,0.16457199455645183,1343,0.4085736467082054,9,0.0
341.11,14:19,0.41232393248238197,897,0.6567389897102601,15,0.0
70.8,17:05,0.4965341461722085,1015,0.09866413522284853,17,0.0
337.82,17:58,0.393025615624195,377,0.41560866545120556,12,0.0
111.51,11:40,0.2972144444622665,954,0.16411381852788381,10,0.0
33.78,16:11,0.2480607013585624,951,0.5671312839605828,16,0.0
62.74,15:46,0.2807700965970918,743,0.1912718932390342,12,0.0
251.42,14:01,0.2777795337077099,894,0.3623025768812838,20,0.0
238.29,13:22,0.2683441647737488,1379,0.4197578437466106,14,0.0
150.52,16:27,0.1917632661227643,489,0.4358066779115203,7,0.0
15.71,17:48,0.27835888250074114,1108,0.1875257311542112,13,0.0
434.43,09:49,0.4120737444816651,755,0.2912794847232887,15,0.0
158.65,12:54,0.28266788457494524,1972,0.44431566563839997,11,0.0
3066.2,01:04,1.3751544432415654,39,0.7535136019839486,130,1.0
108.3,17:58,0.26581122638287147,1902,0.6164455622139405,12,0.0
43.51,09:28,0.483760673306471,221,0.297540364371766,18,0.0
1.0,12:39,0.09605685016800677,1392,0.5994991332580212,14,0.0
13.9,16:45,0.20329317565279292,210,0.1907131420531398,13,0.0
116.26,11:16,0.2724489709531599,245,0.07367202227149894,14,0.0
49.47,13:58,0.3858513153447497,504,0.216725591355385,15,0.0
30.03,14:35,0.3649228790305098,1048,0.39042475551472744,12,0.0
153.61,16:36,0.6121896897426045,1799,0.4279256672645808,15,0.0
368.53,13:44,0.30928576239717015,1886,0.08482881537848011,12,0.0
249.01,12:58,0.2830848824256679,740,0.5426413893025157,9,0.0
438.14,12:18,0.43658177525620484,1046,0.08698946394335706,12,0.0
178.97,15:10,0.2766632711236465,1025,0.48066125787744024,22,0.0
397.88,10:45,0.39582884297050014,153,0.5543048697823805,17,0.0
1719.3,23:50,1.3333373515273694,87,0.8498478648975016,108,1.0
355.42,16:29,0.34386622063510847,342,0.28724394865023817,11,0.0
339.64,13:00,0.2051555127243864,884,0.205566038796019,15,0.0
229.63,09:43,0.25750146266233503,1724,0.22050800511303126,12,0.0
18.07,13:31,0.3198485319338532,270,0.2514519730118509,16,0.0
92.64,13:23,0.008632755795502767,224,0.3611455920717854,17,0.0
6.94,12:40,0.3479787442984176,1956,0.12789989043989022,13,0.0
22.5,10:10,0.3171461841226597,752,0.4527895120244616,17,0.0
70.41,15:30,0.34861276900873156,741,0.514184109434041,13,0.0
310.22,12:35,0.35814325187976137,773,0.38744981447736115,15,0.0
44.92,17:08,0.3523771109832894,1618,0.3446055713480931,10,0.0
4605.91,04:54,1.9436170828403674,70,0.7365091964896315,117,1.0
115.11,12:37,0.4981579164815191,907,0.3520870678106265,13,0.0
57.41,09:55,0.44118765188945275,1372,0.12247297346893336,22,0.0
182.44,12:18,0.18861469003988665,1487,0.5682435259637767,13,0.0
12.73,09:26,0.1882330072988006,1458,0.24698965090810884,15,0.0
170.49,17:29,0.33531272379978766,1585,0.07894913959886428,24,0.0
1.05,09:32,0.3231648015483983,655,0.18445949044199458,15,0.0
8.89,17:08,0.5155332748190617,1550,0.4025268436344908,18,0.0
41.65,16:09,0.4989809104243524,762,0.1688949642571055,13,0.0
52.05,09:21,0.4374533454691304,1049,0.27829909964421146,15,0.0
654.64,09:19,0.3308260840562492,1231,0.49419740322805866,13,0.0
5.59,12:43,0.09561737050778826,897,0.045515817062133354,4,0.0
3.86,16:44,0.4149423436001272,1368,0.18999152261423982,12,0.0
43.64,10:42,0.20819912377781952,828,0.29308857240647435,15,0.0
486.9,10:42,0.291856121905722,846,0.35332472262851405,14,0.0
134.07,09:17,0.20605942161994828,528,0.07489289465104473,9,0.0
18.75,12:30,0.4595609823010948,748,0.16123849930236214,15,0.0
59.03,10:02,0.2826113358410832,860,0.25982324087824193,13,0.0
18.08,12:49,0.2101706254167696,543,0.34373810860870335,16,0.0
60.27,13:36,0.5241134569020731,689,0.26086381972348494,14,0.0
39.06,16:26,0.462543185915878,539,0.06109665517198732,9,0.0
123.47,16:40,0.30382334352162377,1497,0.4907772546113914,13,0.0
2050.03,02:45,1.6232547613298047,9,0.8150140713591127,138,1.0
86.74,16:25,0.30930798725394465,808,0.18629865785411306,11,0.0
184.69,10:07,0.11441622290496758,1816,0.27997150269546056,12,0.0
141.07,12:59,0.42619338767315346,480,0.28299188831462263,14,0.0
141.8,16:13,0.3020545378887715,1571,0.29944888184741514,19,0.0
5.64,12:58,0.3768517114149556,1440,0.34633405105344556,16,0.0
66.99,09:24,0.07924362747097338,1617,0.658143540784648,16,0.0
73.19,12:09,0.43528411746932727,352,0.39380468763700927,17,0.0
227.03,13:10,0.3687966952116033,1353,0.2534361865769636,16,0.0
150.52,13:41,0.2775166496952752,887,0.2910197812293517,13,0.0
298.28,09:58,0.33822549391449186,948,0.06500973537382354,17,0.0
338.82,10:15,0.43647988097423346,384,0.2621996640764782,16,0.0
1.63,12:15,0.34892559169994447,380,0.17444615106453634,19,0.0
1919.4,22:10,1.2039224027494042,18,0.746694461913678,123,1.0
16.05,11:12,0.35466953237658755,1733,0.35667732745639086,18,0.0
11.54,14:04,0.2639967885345139,1776,0.18732786726489897,12,0.0
4.79,16:41,0.36728862163174514,774,0.3891487347998465,16,0.0
5.25,10:24,0.2233013389864278,797,0.1489716264181436,14,0.0
3167.14,00:12,1.9177635761177871,82,0.21675623303020178,105,1.0
10.32,10:00,0.2879038189613278,157,0.2962663933129895,11,0.0
128.81,09:27,0.25111501572572303,427,0.1428845610471721,18,0.0
450.6,11:20,0.3465584016541032,115,0.36908077774029807,16,0.0
24.14,16:32,0.3095301353873937,466,0.07509556103290278,10,0.0
535.17,14:26,0.177351791019151,1735,0.08787901084882445,13,0.0
202.71,09:07,0.4124625499115862,1560,0.19730502283150972,11,0.0
157.32,12:14,0.3525977558417617,1018,0.23087470275794625,15,0.0
2642.16,04:34,1.0191971565424218,44,0.733775088789046,114,1.0
83.84,12:34,0.22689261649489384,515,0.09582704965109116,17,0.0
17.59,15:52,0.32478329768740233,1149,0.0846730133021795,15,0.0
224.69,09:31,0.2732743885576973,327,0.2873951414708223,19,0.0
73.7,12:41,0.35800532484481423,240,0.5087935657301577,12,0.0
143.51,12:24,0.31440930476074785,1456,0.27806978567280294,11,0.0
15.93,16:32,0.23372151985082645,619,0.46539808542365835,10,0.0
154.62,17:15,0.4011076457551078,1889,0.20801286610120323,24,0.0
154.92,12:50,0.1680678086220237,606,0.07918075235227699,19,0.0
8.69,09:42,0.15928760049403717,688,0.05162337582688732,15,0.0
360.06,11:52,0.19658988105430691,1819,0.07386243675177125,18,0.0
176.6,12:31,0.29194481081807766,552,0.5118825269935842,14,0.0
1.39,15:11,0.5278333029161633,671,0.3823518176406676,12,0.0
4.65,13:16,0.3368483603336996,817,0.2100309847495157,13,0.0
205.85,12:28,0.20050001067896417,1216,0.18578443212222087,18,0.0
29.22,13:02,0.3360679175692996,712,0.49108983128491407,16,0.0
224.1,11:25,0.4238237940646432,819,0.15639813461166444,13,0.0
24.88,09:43,0.14687719368166224,1433,0.32665120654368407,19,0.0
133.85,14:42,0.17462998701017793,829,0.3495692961005619,10,0.0
13.41,15:22,0.2090398923806711,772,0.17420886985329362,17,0.0
314.79,10:19,0.28182247241170666,1393,0.4240758834954792,10,0.0
131.67,11:09,0.33828622916214485,415,0.5939774941661794,9,0.0
179.11,10:36,0.3879176301434426,1653,0.18333374783703116,13,0.0
2947.83,00:35,2.0689237217318346,7,0.7811376755710415,109,1.0
3060.25,02:56,1.6329819894019217,86,0.9378652202656056,108,1.0
70.85,14:50,0.36378967381668287,1915,0.5816977121079192,11,0.0
397.56,10:01,0.26445093887940546,575,0.3977687172255096,11,0.0
26.68,16:43,0.4842479044567211,171,0.18233327232767205,15,0.0
22.42,16:05,0.4044191088790865,1759,0.5716405724649886,17,0.0
15.42,11:19,0.28136369301230146,831,0.7024337259322324,15,0.0
107.23,11:14,0.40978423608882725,986,0.1050659678016477,11,0.0
76.17,13:28,0.19609264336082188,480,0.243854317851753,18,0.0
149.6,15:38,0.4054666312043186,1335,0.2621214092500534,15,0.0
2.74,10:52,0.35432966640822905,1001,0.4900683229109635,16,0.0
558.53,12:45,0.4813341205245549,198,0.3111013313735138,14,0.0
67.95,14:59,0.2906387590716552,379,0.16888359877850465,12,0.0
57.62,10:13,0.2862645826093856,895,0.30169089383623005,16,0.0
378.59,13:27,0.26479443922880636,1689,0.12127351859437482,17,0.0
58.31,13:00,0.3256257792042934,798,0.16069660380782336,15,0.0
120.46,13:47,0.18434640151622705,577,0.4685066703147199,14,0.0
640.32,16:45,0.018006906799657885,1973,0.2234870505069218,21,0.0
314.05,14:24,0.3001461834191483,957,0.6040188429020885,10,0.0
86.7,12:53,0.26413906805424575,1337,0.2654378616968896,13,0.0
128.52,14:23,0.26970444620156825,111,0.5646717564922297,18,0.0
6.95,14:09,0.32998509517707464,1881,0.10891923837303202,14,0.0
86.3,15:42,0.3724410471433529,435,0.3365169038829415,15,0.0
29.24,16:44,0.21819139503894974,1219,0.13337174545605987,15,0.0
305.91,16:33,0.2959244150153379,1686,0.031693896768984306,14,0.0
314.91,16:03,0.1839129540278486,499,0.4423199288608769,14,0.0
70.33,14:24,0.37280488624298413,1132,0.18127168404905164,22,0.0
41.79,10:24,0.48525647287750495,1292,0.2515807620146965,19,0.0
698.55,11:03,0.347337250402596,1416,0.1503939190011696,14,0.0
297.47,13:07,0.40276945935014785,1547,0.16450515894670875,10,0.0
66.18,17:57,0.31896281233054524,1549,0.12048105868362122,15,0.0
25.44,17:25,0.21274846844081285,672,0.41562736457962185,14,0.0
362.75,15:27,0.3857473498001236,1348,0.5840392095394881,15,0.0
144.44,17:41,0.3701324137048744,940,0.43221232005264826,13,0.0
113.93,17:41,0.1390188546303313,247,0.24535278864592253,19,0.0
19.91,15:06,0.2487592912840303,710,0.22397682691561102,13,0.0
31.26,16:54,0.05698078728437295,1230,0.3673877861752816,16,0.0
353.69,09:15,0.3285689800267199,937,0.36940320535707566,12,0.0
41.53,16:33,0.2852143000156269,1627,0.5061768565060787,16,0.0
240.97,15:57,0.4457078625536567,1992,0.39387692230864035,14,0.0
251.34,11:30,0.3260889064682097,487,0.4087719424606177,9,0.0
79.61,11:07,0.4873917421030035,665,0.2886464565760307,17,0.0
63.78,10:11,0.5105834825348489,215,0.2574127827935963,20,0.0
77.5,15:20,0.24968437679449862,402,0.15247402116420847,21,0.0
73.82,16:04,0.2830550762516632,1314,0.16083079415848162,13,0.0
107.52,17:50,0.18508451157602024,263,0.02976464190408341,18,0.0
301.68,11:14,0.39750510953034685,104,0.1656063988400216,13,0.0
33.41,09:41,0.3059552968313615,129,0.4193230050202983,13,0.0
51.63,12:22,0.42357117392988397,1694,0.1445365592647846,14,0.0
344.75,16:43,0.09496516784375503,1196,0.13469246735527082,18,0.0
334.62,15:03,0.3659031348872403,853,0.16182872636183954,15,0.0
293.23,13:57,0.16622905760822007,1910,0.16707885147002907,19,0.0
181.08,13:13,0.21054673108636113,1673,0.17863112088353775,10,0.0
1.71,16:28,0.2753690244633193,1423,0.11077966091073191,19,0.0
32.58,10:25,0.2510049844839465,934,0.0677652809329191,12,0.0
165.43,11:52,0.370132500456776,1619,0.3721155585247069,13,0.0
64.83,13:34,0.31420558115939995,633,0.5169921472538112,15,0.0
67.8,15:19,0.3628715860800305,518,0.31749253444546327,10,0.0
414.05,13:14,0.31656589435685323,235,0.27471309745152267,8,0.0
30.12,09:29,0.3624419412256552,721,0.13990442360402144,15,0.0
690.18,12:34,0.14724295061906736,171,0.18703133687871995,18,0.0
241.35,16:40,0.48873358988944154,1642,0.4704690171113041,16,0.0
164.13,15:33,0.3095156522682464,1235,0.29924876134164385,17,0.0
124.81,17:52,0.23070158026685006,372,0.18450276628264947,15,0.0
1374.67,00:16,1.4684289095756198,1,0.7212530789789272,132,1.0
200.63,11:23,0.48426513728833426,359,0.2918469206617941,5,0.0
74.75,14:02,0.1663991633364542,287,0.31903101731767336,15,0.0
522.54,12:27,0.39993297112397536,387,0.08664081953183593,17,0.0
541.85,13:57,0.4485868275517684,556,0.40219710703243405,15,0.0
176.13,15:40,0.3301044476274452,870,0.11483498415753185,19,0.0
48.73,13:20,0.21982128472909987,1026,0.03566350036917724,22,0.0
369.49,12:56,0.39253980907967245,1471,0.07828099543323315,16,0.0
347.13,14:55,0.25205752582840685,1908,0.7476640899591879,9,0.0
237.85,16:22,0.21460602916123073,1720,0.15038377614516954,15,0.0
105.56,13:57,0.33905939061992363,126,0.2543873391735122,9,0.0
355.24,13:31,0.3512466516190387,377,0.45220013676249593,11,0.0
68.76,15:19,0.3528768105791573,1906,0.038096124982428696,16,0.0
10.09,15:28,0.2298292401875125,990,0.09983913087202895,15,0.0
249.2,13:13,0.35389779757010986,1914,0.33048363572738776,12,0.0
150.06,14:44,0.30742792440828487,528,0.23576262854476315,25,0.0
62.51,13:37,0.338817025766799,1554,0.3419198159965789,18,0.0
171.62,12:10,0.37990882121882386,1039,0.07045176333490988,17,0.0
2039.49,01:16,1.8813214949022785,19,0.7585861971816446,117,1.0
94.85,09:05,0.36977769010112127,1925,0.4843765949647032,21,0.0
301.56,13:36,0.444903023127924,810,0.6387615581530763,11,0.0
200.02,16:54,0.38496350017598674,475,0.47365083298372146,20,0.0
102.12,10:52,0.4417043820947617,368,0.45859987366748384,12,0.0
95.82,15:07,0.3932290085066279,447,0.21805902309978983,6,0.0
2.78,10:48,0.08057517564544675,658,0.08188221165316995,10,0.0
76.09,13:16,0.34550140613820957,946,0.09436253126281392,16,0.0
215.61,09:02,0.3441775996588731,1933,0.18765781310949467,20,0.0
243.07,10:31,0.3641250393328389,121,0.12681917285184163,16,0.0
197.51,17:44,0.33491725403118566,1835,0.43136868597522854,11,0.0
444.79,14:44,0.3178590517392803,288,0.18070883961309833,12,0.0
420.76,17:06,0.3706817429313734,1562,0.2800430775477158,15,0.0
44.08,12:18,0.43460629767304515,1847,0.18685433014504754,16,0.0
122.06,12:07,0.36575244134851104,878,0.3550694641520563,17,0.0
101.78,11:13,0.27578507741760694,1088,0.30627417595313106,12,0.0
221.97,10:45,0.21008889015727727,1860,0.35894938538398985,9,0.0
23.15,17:36,0.36212185469390473,1490,0.12561615116793018,13,0.0
495.43,09:15,0.4325964674285233,483,0.2418995047029626,16,0.0
26.3,12:44,0.31211469018498966,272,0.3170648334555955,15,0.0
128.89,16:02,0.3649120140059937,1154,0.031092371135975877,26,0.0
46.94,13:41,0.17670636460091696,1406,0.28872783367796523,15,0.0
106.57,10:35,0.2412502185028257,1832,0.24469330285822455,17,0.0
4548.07,02:27,1.186999547084899,95,0.8481595717988945,130,1.0
225.19,10:20,0.20422917511102617,737,0.48402586358629257,21,0.0
57.86,14:46,0.3742749961786924,1111,0.3971813274032392,10,0.0
29.41,16:48,0.33938875948105784,1663,0.1385540970621547,21,0.0
20.55,15:19,0.26123218163957684,420,0.14512899552547498,21,0.0
93.17,17:27,0.3637371977587794,1487,0.3841764081129712,19,0.0
34.68,17:38,0.43899640686042024,403,0.17019716210677308,16,0.0
199.24,15:41,0.31647437874643847,1905,0.06982757737061893,21,0.0
48.98,13:03,0.3463666571680882,623,0.23898619592640447,11,0.0
143.18,14:36,0.34917963315880796,1516,0.32210941656311914,7,0.0
2.34,09:16,0.00984763173064207,908,0.3187484056140717,13,0.0
259.4,13:11,0.3953024147145236,1116,0.261051598278169,18,0.0
46.22,13:49,0.19425288078041897,1547,0.5623673377904159,21,0.0
98.42,16:26,0.40993773881824513,1730,0.15238426188690307,14,0.0
90.58,17:57,0.21230074054894477,1873,0.6582363826972707,14,0.0
30.6,17:44,0.22368756117323418,135,0.45106062434713606,18,0.0
4.03,14:53,0.28192395102044393,674,0.3672424269553155,19,0.0
30.06,09:37,0.3493653565306088,1902,0.14749774814473104,15,0.0
134.21,09:22,0.20036583178261957,1544,0.3095135812007275,13,0.0
13.18,13:21,0.35982493746299504,981,0.5557145409941777,12,0.0
211.06,10:31,0.4489749607320581,1843,0.06789288439240065,21,0.0
111.06,10:37,0.2251453865379262,1046,0.17593301352795557,19,0.0
70.1,13:39,0.2419176047153498,457,0.31543604841575723,18,0.0
83.56,17:35,0.2671465091537268,112,0.18384656020379886,13,0.0
380.5,10:48,0.2796763920693227,1251,0.6045357394586784,10,0.0
195.41,14:45,0.4772791176436716,979,0.23764147756820928,19,0.0
57.7,12:29,0.28833700675996055,1287,0.7053099712467773,15,0.0
85.33,14:17,0.10348994256464106,175,0.5021902072278405,17,0.0
505.59,14:55,0.3677943784952673,1568,0.28423027205924195,8,0.0
131.34,14:45,0.2604184379897336,1165,0.3512018191369111,19,0.0
118.68,15:42,0.35562175789975026,1687,0.18942972202957736,19,0.0
87.18,14:22,0.3835434088215865,599,0.4296649429184221,14,0.0
106.27,09:48,0.3743876624514638,390,0.32094958297957266,16,0.0
42.62,11:39,0.3963244987386544,793,0.1943172576655615,22,0.0
408.55,13:48,0.19307783347102406,362,0.0723498525825937,11,0.0
90.92,12:26,0.6260491080691424,229,0.08373427494725688,17,0.0
345.42,17:12,0.25627405946223003,1612,0.3544973411184058,17,0.0
181.84,17:28,0.2847800019642333,212,0.2283344984766445,15,0.0
110.12,17:36,0.4557098540624207,642,0.4034438683139314,24,0.0
148.21,12:33,0.34446193724014124,784,0.15395322045598334,12,0.0
63.62,12:19,0.42153215746780787,1022,0.11457259217663364,11,0.0
9.45,12:17,0.41101176066663175,413,0.11109749205990814,14,0.0
12.14,16:28,0.284626242767278,986,0.4435579238990447,12,0.0
252.77,17:20,0.30540768198469714,128,0.5279553233236135,13,0.0
47.48,09:46,0.31495974780735536,1613,0.15545520897987686,11,0.0
20.38,14:32,0.5422405538789941,1437,0.23877315803259067,12,0.0
184.06,12:02,0.2157599517463203,1908,0.5039067880174607,21,0.0
49.48,11:25,0.029816486585055868,243,0.3947407188364386,16,0.0
343.23,09:59,0.33098772845831465,832,0.18746426449474884,19,0.0
215.08,10:52,0.29572962052767165,1251,0.15611513109440872,17,0.0
624.09,11:46,0.2391116062189661,607,0.05501414744390903,17,0.0
195.85,17:11,0.3410475843894456,628,0.2918703371403939,14,0.0
26.27,15:57,0.4290376751258226,655,0.6504893754019315,14,0.0
101.74,14:14,0.08833362391029997,546,0.1613760415954073,9,0.0
55.56,11:00,0.4359411419961399,405,0.18255380946322927,21,0.0
38.8,17:46,0.1303820932304412,1585,0.27441619028811276,15,0.0
400.52,13:02,0.30387270203696115,1559,0.45128151674612865,18,0.0
145.96,10:41,0.3715952417683901,111,0.6270061409919495,10,0.0
175.87,14:18,0.4489765140068566,721,0.2942954129703035,17,0.0
39.64,17:01,0.1006781176589385,375,0.09554965817308606,11,0.0
24.36,11:32,0.19785593773414079,1143,0.2577520000504254,23,0.0
2988.47,01:06,1.423034705834138,3,0.5264634224108978,132,1.0
136.94,14:31,0.36710370126798064,602,0.6866332753811958,16,0.0
81.04,16:10,0.2808294086102863,1522,0.22677055951261563,12,0.0
310.59,14:10,0.3850205367131235,1767,0.2943131490776169,14,0.0
121.52,10:38,0.22143204033880037,1899,0.28528260819894646,15,0.0
28.56,10:48,0.36140256472584803,208,0.2185953918500193,11,0.0
302.69,14:19,0.3112515711588114,813,0.5601647351142917,11,0.0
109.72,16:10,0.42440538958621865,518,0.19559380047597558,19,0.0
11.08,10:10,0.3676310059997579,903,0.41060381086873016,20,0.0
22.64,09:58,0.19426671828252695,1643,0.17923259377729386,9,0.0
152.23,17:02,0.41117185675241885,1649,0.3953888777169511,15,0.0
1740.48,00:51,1.4412964323369144,6,0.611739747377905,134,1.0
244.05,17:44,0.2959481649964208,1069,0.16508387594764454,12,0.0
205.59,10:24,0.1521852912198338,1730,0.19842832117147716,16,0.0
2301.99,01:01,1.3067861952861626,15,0.6596674795373332,125,1.0
20.7,10:33,0.3336749048880788,677,0.5748956828804463,12,0.0
120.41,11:38,0.3258521914719623,1484,0.10318821935725389,15,0.0
429.47,09:40,0.11121751607496472,850,0.6827518228521475,14,0.0
121.07,16:34,0.2611171146691426,1304,0.5333340568486841,12,0.0
58.37,09:51,0.2334146591766076,1370,0.3844857652051646,11,0.0
66.03,15:05,0.4630667777237565,1923,0.2581843837952642,16,0.0
192.16,15:56,0.4130983473135212,429,0.3927590028822888,23,0.0
20.46,17:16,0.2745943801821148,1200,0.04659523059370171,12,0.0
1895.69,04:20,1.121905712596922,53,0.8391456736099236,143,1.0
59.79,15:51,0.40733779223164984,1811,0.4278170514213203,16,0.0
391.75,09:31,0.47093860665577025,1981,0.35135154073592856,15,0.0
56.03,11:39,0.28935811199970113,976,0.08390461351891026,12,0.0
239.4,09:14,0.3688266734050847,236,0.48154663005613413,19,0.0
441.42,09:06,0.17277052653760147,905,0.5189475495289342,16,0.0
22.78,13:16,0.2887646108529619,1332,0.28338229887700567,22,0.0
53.69,16:19,0.49912526016435216,143,0.24185494617743683,14,0.0
64.22,13:53,0.3397805451750471,1283,0.02304692999943299,9,0.0
525.38,13:38,0.30925406154936225,540,0.13574504446091049,18,0.0
49.7,09:39,0.3700925715437103,1194,0.5021848492738299,12,0.0
132.59,17:15,0.33792808718226497,1011,0.22941413120257712,21,0.0
62.8,10:14,0.198697049038985,1875,0.13806364799365203,16,0.0
25.15,14:51,0.2704081578983115,1532,0.5689400558549863,12,0.0
34.41,16:29,0.1872902548153041,480,0.34702167983064325,7,0.0
18.68,15:14,0.249911855869792,791,0.05465015812840834,13,0.0
161.35,09:17,0.20720660400622792,343,0.13104193419532437,18,0.0
12.26,14:20,0.2175941158460988,784,0.09430256429180592,16,0.0
28.53,13:41,0.2817098342884782,397,0.3317016319410266,20,0.0
67.67,09:57,0.09262538128134626,416,0.40503076633254176,9,0.0
492.3,16:43,0.4771095899310554,1798,0.3470315966107429,17,0.0
17.0,16:25,0.25116201787369985,1653,0.04605565533704079,14,0.0
17.82,09:21,0.23585412345685947,305,0.5884052737555813,13,0.0
8.7,13:16,0.45947340073169163,294,0.19129744991093509,11,0.0
3832.38,03:17,1.5986280901028536,30,0.5304856518374734,146,1.0
45.05,10:28,0.32248488160456384,526,0.12169411047789568,16,0.0
332.66,14:51,0.4469798926277288,1312,0.20327622062089612,11,0.0
273.86,10:43,0.18739080911727835,1789,0.2938052444561191,13,0.0
52.32,13:30,0.4127712008194879,556,0.18143931847922096,14,0.0
135.06,17:24,0.17446638843138398,1878,0.027207937560641073,18,0.0
190.96,12:45,0.26459384531329105,851,0.12473876997184778,8,0.0
69.05,15:38,0.5750107199580755,738,0.20198246645307633,16,0.0
146.45,15:25,0.21960229263592632,595,0.16166232396655375,15,0.0
127.8,17:39,0.48706633761924684,883,0.3759652161511818,12,0.0
7.96,11:32,0.3994981668792354,1478,0.5102587116877231,12,0.0
115.54,17:55,0.36556039128734263,495,0.025045195129503442,9,0.0
295.7,15:06,0.2663926013849963,483,0.4187432618872351,15,0.0
2520.87,02:35,1.3708240319453164,94,0.5341424152238716,123,1.0
353.64,14:32,0.25295911074685784,475,0.523608184101564,15,0.0
6.94,09:07,0.2099352881772324,1509,0.5001149631543067,16,0.0
10.98,09:41,0.06671621994757515,1386,0.3048905828016605,22,0.0
18.65,09:25,0.32145674033735144,1225,0.09169251670027496,18,0.0
206.43,10:51,0.1870349770399518,1479,0.1426409055897007,12,0.0
110.8,14:30,0.3857774606995162,705,0.32239802151026964,12,0.0
327.99,17:17,0.44303465988479274,1991,0.33948246415200956,14,0.0
117.64,13:02,0.3266912076489394,1895,0.4853815109815304,19,0.0
247.1,15:16,0.39140219592182046,1511,0.30618260521023594,14,0.0
10.78,10:34,0.3101860706379853,1080,0.4376842966352118,14,0.0
1243.82,03:53,1.538795279445038,33,0.7796891890451431,123,1.0
151.76,10:42,0.28355835595386186,1183,0.21562047637689086,14,0.0
11.33,16:15,0.44244620131326345,681,0.1339587486426284,14,0.0
1937.46,02:08,1.2158860026478413,33,0.33512120480294944,129,1.0
300.06,11:39,0.23611384720556267,589,0.4828685815785211,15,0.0
115.21,09:55,0.35464637641476626,1533,0.5360576579789784,15,0.0
52.04,12:33,0.45343635334410204,1429,0.18712721278400654,15,0.0
162.94,09:56,0.1261819527663456,773,0.17592433751589798,14,0.0
119.52,14:45,0.3775279396295423,220,0.22734130437391903,13,0.0
79.25,09:52,0.3665583966944193,715,0.1100129318417727,14,0.0
8.98,13:57,0.20401720030863518,291,0.3535636099832572,14,0.0
75.95,15:34,0.2682030433565138,1023,0.0599593299006663,17,0.0
100.84,16:52,0.35662808797173706,899,0.7508495527242623,18,0.0
13.18,12:23,0.3722387928328167,1110,0.3990758542316495,15,0.0
50.34,14:25,0.17136658533170515,1896,0.2517142920358486,9,0.0
2.2,10:14,0.4384472438180388,853,0.360567269048368,16,0.0
276.89,10:42,0.09259240402352104,1294,0.1482465335615184,16,0.0
49.27,16:50,0.15687772440331255,289,0.013686890704651396,14,0.0
237.91,17:18,0.26450625485677176,805,0.3976804993449894,14,0.0
186.81,10:31,0.35351414354553207,593,0.49991776345622696,14,0.0
46.81,12:26,0.34626661368198874,1383,0.18533441328679676,17,0.0
22.54,16:03,0.2660954696790261,1637,0.37806400893475217,17,0.0
146.78,12:48,0.3099126536154637,1636,0.1795275136936569,19,0.0
95.68,15:35,0.46515462691922405,1710,0.4661714127521316,12,0.0
28.25,12:47,0.43826419356641927,627,0.08993006278747237,10,0.0
14.19,10:59,0.2329163963266505,286,0.4667587510478546,17,0.0
135.82,09:59,0.3408665283372168,707,0.11511748375496175,27,0.0
26.81,15:54,0.31534409759542714,1449,0.5272960882699431,10,0.0
255.1,10:55,0.4531899916544545,1012,0.36375524218572924,19,0.0
117.01,17:36,0.19968201690771997,1667,0.0681712306797419,13,0.0
157.14,09:18,0.4634195266577176,717,0.389733865245374,12,0.0
81.43,10:59,0.46901776333459577,622,0.2605195557313572,15,0.0
61.24,15:40,0.24955035157283667,699,0.33032679619410094,10,0.0
123.02,09:46,0.13315612460973716,784,0.3784764368606893,21,0.0
35.34,16:12,0.3847118318979641,1287,0.10206847655757048,14,0.0
78.88,10:48,0.17100138241747864,993,0.1980856884097398,14,0.0
17.13,16:50,0.3573132052692498,1115,0.1862946777074421,12,0.0
40.7,17:57,0.3849085450450871,497,0.1144549544007108,16,0.0
158.32,13:17,0.24943436400625588,449,0.3887941904951726,10,0.0
497.06,15:55,0.12953029865037285,1627,0.3217778262429801,13,0.0
6.26,11:56,0.29128013512368506,1408,0.6808513666252455,17,0.0
188.08,13:20,0.1604666273747204,909,0.3595988931407153,13,0.0
8.45,17:45,0.1854341428834645,1944,0.16144888979377933,21,0.0
109.57,16:05,0.22383540938619645,698,0.1161753294148751,12,0.0
66.51,12:59,0.2662471714150139,877,0.302101831242412,22,0.0
24.97,14:08,0.28883976691570984,709,0.18026639616277212,8,0.0
13.93,09:15,0.30341319815115775,1279,0.3193347812233161,13,0.0
113.69,12:47,0.28374738718701004,215,0.08946149113306105,13,0.0
237.57,11:50,0.3463443072360819,1129,0.060396516889157946,24,0.0
194.04,14:14,0.35694142669010354,420,0.13457357608818138,16,0.0
117.37,12:13,0.1748586127515773,879,0.6538755719587792,14,0.0
650.12,10:46,0.2830365880904845,710,0.1547882072144545,10,0.0
148.89,15:21,0.4054666578768763,286,0.10810459747337167,13,0.0
642.58,12:41,0.30852813179657385,103,0.42467440882164514,12,0.0
1813.31,02:26,1.718124006135286,24,0.8289695292400341,144,1.0
151.22,13:06,0.2600848207149638,1098,0.6427996170285709,19,0.0
286.77,11:31,0.22100739747117404,1115,0.3733895123987104,16,0.0
75.76,14:36,0.4092498538085353,1445,0.05945457639046278,13,0.0
61.56,13:01,0.3035126669927737,607,0.1314527821601259,18,0.0
233.82,09:22,0.24414852579061128,570,0.4534355825034304,16,0.0
121.6,15:40,0.2533450068265944,1061,0.28481791380922755,19,0.0
214.56,14:32,0.08352857496895891,1945,0.3678015253189207,21,0.0
16.1,16:20,0.3159964855773815,780,0.35838375617487594,15,0.0
158.08,09:45,0.09393014853360857,1652,0.46847425711026786,14,0.0
130.57,10:20,0.18402455528978667,1634,0.19910076038934504,11,0.0
31.06,11:46,0.4632854187273292,1035,0.2399786045193298,14,0.0
3.86,12:28,0.3385660000469238,1304,0.2527066913920074,17,0.0
82.8,10:44,0.4059480530173339,1800,0.16551277294761954,22,0.0
135.26,12:35,0.32843244495192314,509,0.1590736422087646,19,0.0
258.27,10:34,0.4492017869361056,726,0.5803000722464113,23,0.0
178.62,11:53,0.21350493483691735,862,0.40227641999425245,16,0.0
43.01,13:38,0.49646950479689084,669,0.2673915487721733,21,0.0
3.12,17:22,0.40967534267999406,410,0.1297008878729983,13,0.0
487.36,16:18,0.27948517710021314,564,0.39177191515645776,15,0.0
462.03,13:31,0.4572242166519653,1801,0.5139189437752092,17,0.0
13.38,10:05,0.36456154741697366,1457,0.17298723652894452,16,0.0
161.25,13:06,0.3306409854985213,690,0.18570867820645776,12,0.0
62.11,14:30,0.5288947489713207,1248,0.4068892529961301,18,0.0
271.17,14:59,0.18283301419327094,1844,0.1947149250249008,26,0.0
221.92,09:03,0.22507930422857406,1331,0.2850263197854833,11,0.0
219.79,17:54,0.30984628170742023,1940,0.5492292753000799,15,0.0
3342.91,02:47,1.2384965763489344,90,0.563225670411615,114,1.0
154.26,09:12,0.43497395295506247,802,0.39882726694654624,14,0.0
549.74,12:37,0.44877270356582666,440,0.19913425131398854,19,0.0
351.76,15:32,0.3010171901722721,261,0.3573496810632437,18,0.0
142.56,16:22,0.3561402049847743,658,0.2350667502155988,17,0.0
2804.16,23:39,1.5129249024073157,18,0.7413446757924651,135,1.0
167.02,17:29,0.24902698448148664,397,0.6203944682434342,13,0.0
5.49,10:37,0.42133813999049935,1371,0.3208700481739361,9,0.0
139.62,15:10,0.4319860670665481,1679,0.08359801291075783,10,0.0
111.07,13:06,0.2762923009114422,1957,0.47181255117424836,12,0.0
69.46,13:53,0.2677175536253391,1411,0.0398615941444898,15,0.0
1476.34,01:20,1.7103876980256698,66,0.8294387800924573,119,1.0
50.64,16:25,0.23955083912199515,1148,0.3831927830118527,14,0.0
2440.45,01:34,1.8456094208428548,2,0.5604923583672313,130,1.0
48.04,11:31,0.4942668124161504,359,0.22725692467018208,20,0.0
2647.87,02:23,1.6726016592346753,72,0.15994068614485218,116,1.0
13.3,14:17,0.4699632416644247,540,0.18181032268743014,18,0.0
211.31,14:48,0.31543171266362807,506,0.30139256449958884,19,0.0
187.37,13:15,0.3327419771650988,754,0.5057922203484296,17,0.0
104.43,11:28,0.22073057178139216,1298,0.29161790928605064,11,0.0
220.12,14:21,0.2560521459816189,899,0.05401685797482768,14,0.0
404.85,09:43,0.16138420558947617,717,0.5701566765319728,17,0.0
37.65,14:27,0.35747012616653484,521,0.15635727291665436,13,0.0
28.55,12:37,0.12005360685246105,1699,0.2633253363426206,12,0.0
51.83,15:24,0.14073989156563912,1572,0.07754374790946529,18,0.0
118.32,15:49,0.4014918982455158,116,0.16236024731229406,13,0.0
38.09,09:18,0.24274133361536812,1757,0.44955484994133965,20,0.0
23.86,16:03,0.20934301182228657,687,0.3689733765889828,15,0.0
105.0,16:48,0.37045347991025096,1016,0.26592484014157614,14,0.0
28.74,09:21,0.34164614447561403,1410,0.22326400299719887,15,0.0
67.51,11:48,0.30317815681615906,1561,0.046165892021985656,17,0.0
25.44,14:06,0.27774581640856016,302,0.22293913921807956,9,0.0
57.17,12:11,0.27263039037676157,249,0.37604621156642176,17,0.0
10.41,09:50,0.29694209804965327,1590,0.5213889439251139,22,0.0
155.55,13:36,0.21552835382439045,1524,0.5143772970295415,15,0.0
79.81,12:59,0.4335655897144562,896,0.44130336052315194,11,0.0
50.47,12:08,0.11725256459470096,589,0.20488342547291913,22,0.0
273.33,12:04,0.27871917385183953,1454,0.15539132768659525,15,0.0
92.99,14:27,0.29039725946806466,1646,0.3537129591079247,19,0.0
36.47,14:40,0.24476783264226554,738,0.3710106122217605,23,0.0
127.16,14:33,0.3067990907581167,1233,0.4827320029612771,20,0.0
6.24,14:50,0.2932122227927023,361,0.08276409706920772,12,0.0
464.72,09:25,0.31445945032964845,1118,0.28381962818925377,15,0.0
182.65,15:24,0.23821075312676196,1657,0.24091200721285558,17,0.0
6.02,09:44,0.21149002918328597,945,0.05630257448441794,12,0.0
39.41,10:05,0.3742152804376457,1443,0.6348619486976429,19,0.0
636.61,10:26,0.3150134634006218,1287,0.37430872608467425,12,0.0
366.69,17:23,0.39831522109198586,1206,0.3093652772426794,17,0.0
165.19,14:53,0.47575837722316716,668,0.11306137993137604,12,0.0
167.45,16:52,0.40076534926003965,1153,0.22072793515470351,11,0.0
3916.64,02:48,1.523096525917468,12,0.4733724949031675,117,1.0
23.48,10:24,0.32978949164786897,454,0.19595484727265822,20,0.0
422.59,10:08,0.34205451092281197,991,0.47003384832814477,16,0.0
141.9,11:35,0.19406873788822576,340,0.20882596524740685,18,0.0
523.92,16:45,0.2343089399502526,1711,0.30684425210246435,11,0.0
169.78,14:17,0.30213822111047056,957,0.21431978047216552,20,0.0
1761.41,03:40,1.10591545617628,58,0.8315638741157281,132,1.0
130.34,14:13,0.4729114768069534,1338,0.29602927051807154,15,0.0
340.65,15:53,0.2674088687299806,1509,0.34279721211748604,10,0.0
115.63,14:54,0.3016549398909113,217,0.09524861338223088,14,0.0
124.91,09:55,0.4090434341399109,1492,0.18494744084423825,20,0.0
2597.61,04:13,1.2878651986103162,18,0.5867157578477713,112,1.0
304.28,13:44,0.2567876290675946,1888,0.10702527422783019,11,0.0
117.36,12:49,0.3151397687893207,1458,0.43748405015793995,12,0.0
61.79,17:16,0.2531817208690956,1614,0.49620330063421425,18,0.0
155.42,17:40,0.2848586769889716,1317,0.6791553494320408,12,0.0
255.57,14:51,0.2558031802745791,1002,0.3352880651214446,17,0.0
47.38,12:10,0.20764746082312696,504,0.29414075310522914,15,0.0
64.75,09:49,0.2957798605687957,462,0.326502997762832,24,0.0
29.3,14:35,0.38551533654820225,1303,0.28041178717207565,16,0.0
5.12,14:00,0.3834228406599549,310,0.2967976226803515,17,0.0
194.24,09:33,0.1916189150013164,1901,0.424122789550816,14,0.0
53.8,16:51,0.29331174615428623,1327,0.34732059330563014,25,0.0
89.82,09:12,0.09386745440588579,129,0.25680182863194956,16,0.0
152.18,13:40,0.20927399532388774,1861,0.2825253957908434,17,0.0
30.66,13:38,0.38122397809392194,956,0.17949627371970864,20,0.0
78.82,11:38,0.23920515527148153,1682,0.16752766124063004,12,0.0
30.96,15:10,0.44478614360767443,1313,0.3294605268367685,13,0.0
126.87,13:32,0.35433795689447567,1681,0.09250883862557054,22,0.0
196.88,14:44,0.5220018734423264,1655,0.4513966530468541,18,0.0
83.12,11:34,0.327522128875783,1847,0.1446131645423755,20,0.0
145.26,10:21,0.2482246654954733,1360,0.2924061434029603,24,0.0
34.96,11:47,0.3722986263119221,612,0.29301098675525467,19,0.0
76.84,17:41,0.4367272806282082,510,0.43094641288532703,20,0.0
107.41,14:33,0.23436906087697335,224,0.44103039100855806,19,0.0
141.96,09:14,0.34264958189196887,851,0.532767038323404,13,0.0
37.96,15:45,0.2525820843420355,1282,0.36314942289062413,11,0.0
144.4,09:39,0.2745158161945981,1504,0.3848094843664479,14,0.0
6.98,13:00,0.3002685340754779,1987,0.31089271269351504,15,0.0
313.91,13:20,0.4498094562571122,653,0.3735177179906386,20,0.0
525.56,17:50,0.24901414622357165,917,0.7156900879613282,21,0.0
204.36,10:08,0.3636409546420714,1166,0.12439433566002098,16,0.0
2423.15,04:46,1.1811100031925015,30,0.5037800325776713,128,1.0
93.99,16:21,0.3063179227556516,467,0.24151538617329057,12,0.0
62.57,10:32,0.34496090300718296,1906,0.27160649296501105,20,0.0
22.19,13:21,0.26169165864474364,891,0.13846563418566304,17,0.0
161.91,16:47,0.0759326213580252,1077,0.5803080646535541,11,0.0
114.09,12:19,0.17383508941607345,294,0.2016563172597508,10,0.0
113.14,10:57,0.34556186195245386,682,0.20535454164962189,17,0.0
10.2,11:47,0.3800748021323299,1062,0.20445861019629388,13,0.0
47.36,15:32,0.31304541120886764,717,0.3724813143237501,18,0.0
13.08,10:52,0.3539780258991957,1978,0.551829813703958,17,0.0
279.53,14:56,0.40090652960473283,729,0.19176725092013766,7,0.0
110.95,14:26,0.3392465141126588,1876,0.4384693037896168,12,0.0
254.8,09:21,0.2438392964961836,1368,0.054798863191734534,16,0.0
64.36,15:46,0.26855939884464036,1467,0.11574908908158701,15,0.0
134.04,12:29,0.29511904118946314,1709,0.31198023558062515,15,0.0
83.67,15:06,0.36295941363939743,514,0.18230727500773508,4,0.0
73.95,12:29,0.48717478186939245,1783,0.3211233806446609,15,0.0
13.64,11:54,0.33989833287905835,809,0.07915591995244427,16,0.0
4.12,10:08,0.3142092245620345,605,0.7205110543804508,18,0.0
208.47,09:43,0.1653237591236236,717,0.5058575035945715,22,0.0
27.86,16:00,0.3487164440220192,858,0.18615920971773406,19,0.0
35.23,10:05,0.324892909531666,1808,0.33942601756152874,12,0.0
17.68,10:27,0.29258728935699563,1959,0.08808592190449978,18,0.0
628.38,09:19,0.19201608462114808,1447,0.43049592516767354,13,0.0
3419.42,02:44,1.456659475410062,42,0.4189619362137484,129,1.0
91.23,17:35,0.3396630004599354,522,0.2721089267523984,10,0.0
89.9,13:45,0.4512016000005722,458,0.10692885856560388,21,0.0
104.78,15:33,0.3179718453098449,244,0.03630983881239069,15,0.0
84.83,14:39,0.3981314127998781,684,0.5165492657450133,12,0.0
38.94,09:16,0.4118881620298399,1916,0.12916351941593784,15,0.0
134.63,16:12,0.3172121372335443,207,0.6635654760200969,21,0.0
3364.62,04:00,1.5659352970273384,43,0.4515430049151025,120,1.0
104.63,12:36,0.2783244983513828,1177,0.10034118568958902,16,0.0
110.19,17:43,0.21846401097273796,907,0.16096572290660868,14,0.0
14.36,14:19,0.19332788911737842,930,0.16720527150717424,13,0.0
34.66,14:17,0.2249194694912259,970,0.195833538869491,21,0.0
72.65,11:23,0.35896095466920275,1802,0.10409774527240002,19,0.0
421.59,09:20,0.3969023373618788,1086,0.26547676210812027,13,0.0
91.34,16:41,0.25307265952452196,1823,0.29087773300017916,19,0.0
2.51,12:30,0.33777276623216357,1407,0.40004091015445337,19,0.0
24.83,15:03,0.3286729839083791,1355,0.6558560544032747,13,0.0
132.2,13:27,0.10516527405727283,1099,0.10579300413174403,10,0.0
1.98,12:48,0.40976249648611646,890,0.46190167138667404,14,0.0
9.85,10:12,0.25897185640290027,528,0.10055269829732318,25,0.0
147.47,14:55,0.42478959581079206,1597,0.12131923791810914,15,0.0
145.17,13:16,0.31942028621562457,1564,0.25003083885778055,11,0.0
1418.65,04:11,1.7561425686927206,90,0.6486599629175952,135,1.0
59.77,09:38,0.39552754762374487,1991,0.3612354728455057,14,0.0
70.97,09:04,0.24656869977238255,1598,0.2999891089606075,13,0.0
340.61,12:24,0.35283928118677205,1918,0.5012671054135056,14,0.0
290.13,09:20,0.3641815530241691,1052,0.24665966714244955,19,0.0
254.92,11:38,0.40355832876229725,1061,0.22978941728445457,13,0.0
2649.41,01:46,1.2359339427533018,90,0.3782746636813242,111,1.0
35.8,12:58,0.3336160046276041,542,0.603709595670647,14,0.0
50.29,12:56,0.3355792974927662,1995,0.371785602840837,18,0.0
44.75,16:29,0.28992617545939947,1610,0.17850811582695728,14,0.0
412.69,14:00,0.34414214994909254,1072,0.171708560606456,14,0.0
139.87,15:10,0.2970565269090509,522,0.4381755982900601,17,0.0
71.05,10:03,0.34122345398567117,222,0.5257226367445783,16,0.0
25.47,14:01,0.13347153328675476,675,0.1278349774343418,16,0.0
93.13,13:15,0.4338363731446385,947,0.24038945332594275,12,0.0
21.99,15:01,0.523629962084824,567,0.43361884009772533,17,0.0
109.73,16:00,0.31892319799059277,1752,0.2482562813200086,16,0.0
493.11,14:14,0.22488739430735544,602,0.523004321009627,14,0.0
192.26,14:47,0.3468605796499592,1229,0.10319532780078854,15,0.0
135.72,11:16,0.32297110168022963,1664,0.43954005442588073,16,0.0
14.88,10:36,0.17731244654862105,189,0.17078737399790364,12,0.0
202.51,11:01,0.31733414237135543,324,0.37322536215647756,11,0.0
30.11,10:46,0.2638240111679683,1531,0.04143952633102521,15,0.0
14.75,12:03,0.3407656253624947,1269,0.2457602859966128,9,0.0
19.97,09:08,0.2839262558688136,1993,0.027097851045975712,11,0.0
35.92,17:28,0.1938218946039947,284,0.23098518873980792,15,0.0
179.68,16:40,0.38088929201060095,1450,0.39668025503438487,16,0.0
19.28,10:51,0.37865400269839194,1463,0.22907425163116305,10,0.0
59.51,15:53,0.1299790257482343,1575,0.08117331286763431,14,0.0
111.88,10:16,0.2083182158259485,1536,0.3147944112243434,22,0.0
111.47,15:24,0.11476729009842393,1537,0.6456124922474474,10,0.0
3.69,10:13,0.30660955596557726,910,0.38292989051201487,16,0.0
126.56,16:22,0.46436904952522384,1323,0.349915626707712,20,0.0
42.7,13:45,0.3960138506479746,1653,0.15605694347927546,11,0.0
3.85,11:11,0.37053652102284507,1002,0.661485668949969,12,0.0
44.74,13:33,0.14363103146545747,1410,0.5440499797207891,11,0.0
247.63,13:31,0.3101356711546551,1655,0.16306663859460344,19,0.0
6.62,10:36,0.2606390562651406,1976,0.2892393380499971,18,0.0
20.47,09:44,0.32404248768387856,1722,0.5552790894837634,16,0.0
41.19,15:53,0.4625467341955647,1162,0.2243050006034107,15,0.0
24.67,15:33,0.31643183319010115,210,0.43922560050143444,20,0.0
383.62,13:34,0.19968879839600212,1700,0.1572300004903431,16,0.0
253.48,11:27,0.24451282872292424,1810,0.2574468237460538,13,0.0
14.66,09:43,0.3107695005646782,975,0.25914599029700813,11,0.0
314.75,13:32,0.2984347938377831,300,0.26918551871708574,21,0.0
645.93,16:17,0.5419791733010463,1650,0.169531448816408,12,0.0
90.34,14:05,0.3330810925259757,404,0.2012594565849169,20,0.0
76.37,12:11,0.3983117632976548,145,0.09650568719053236,15,0.0
743.52,13:38,0.24141843407422653,1462,0.24502240528633396,19,0.0
173.15,11:09,0.4869615330504517,706,0.15275872868129697,15,0.0
18.97,14:59,0.26281268391445933,1933,0.31856668550303047,14,0.0
2894.65,01:37,1.381511341051029,44,0.8571849457798829,116,1.0
18.86,12:38,0.23263768589665973,1736,0.17893506302911105,20,0.0
70.39,11:24,0.3466725467592104,1303,0.3760135700920075,16,0.0
128.16,16:59,0.3006510436800896,1234,0.26241605226009795,12,0.0
131.33,09:10,0.1868586388736391,234,0.2981974826329048,10,0.0
58.56,10:54,0.22748669064836385,1103,0.41233303055186193,17,0.0
111.59,13:02,0.2928554342901219,1320,0.5122382825766928,9,0.0
389.68,11:11,0.336431952062795,366,0.26535708133430946,14,0.0
210.69,14:16,0.33744806464084454,1144,0.6176872187953555,20,0.0
449.55,10:27,0.22769122703641376,1017,0.3100513637485133,20,0.0
117.34,11:00,0.4310384702169971,594,0.19023557901867008,22,0.0
70.47,14:08,0.3892589517114352,1270,0.26246294607876147,15,0.0
103.51,11:27,0.32853448404432517,1841,0.04002220441864735,13,0.0
4.38,15:06,0.3791069702276109,1369,0.09593915243084343,21,0.0
647.32,17:17,0.29862839006337316,247,0.22844364526225547,20,0.0
131.22,12:23,0.3757393468977389,1311,0.09152534073782655,16,0.0
209.38,16:37,0.09938697968976051,144,0.322414157578411,18,0.0
284.22,11:35,0.23236957952833737,1439,0.28930459638152767,17,0.0
80.33,11:20,0.3170531860387999,412,0.12405688300313654,19,0.0
87.01,09:44,0.3818187136105907,556,0.5486972669591788,16,0.0
32.03,09:45,0.1661840931376877,1317,0.6034842343344039,12,0.0
149.88,15:00,0.31146215091999896,1269,0.09643052480657642,13,0.0
30.97,17:31,0.30823298867170873,1571,0.15835846801009743,9,0.0
44.74,12:05,0.25988357943888224,476,0.539924169183811,21,0.0
358.63,11:47,0.11544203646758383,765,0.033013633633640835,7,0.0
105.75,13:18,0.3333679059945397,1398,0.10375610688926082,15,0.0
59.0,16:39,0.2969828333370865,262,0.3144286878500435,13,0.0
2010.79,03:38,1.754703273982966,71,0.6287870166899996,118,1.0
119.62,13:02,0.2022437874527313,929,0.11939550085295324,18,0.0
89.25,16:20,0.2124100422283891,1064,0.3401872769115753,15,0.0
246.63,12:05,0.26396253534196,1504,0.08767755363010783,18,0.0
206.52,17:05,0.3169072529455187,311,0.36957338942212004,21,0.0
1918.29,02:20,1.6245195284807952,62,0.8754048375196665,113,1.0
28.37,14:20,0.19264647149246938,1201,0.10985069787993142,16,0.0
369.53,13:38,0.29927999542096634,1575,0.37675949745883347,8,0.0
194.17,17:07,0.2942392036284495,1075,0.21391196408084784,16,0.0
1.0,12:55,0.3078348668962594,801,0.26287358353953993,15,0.0
42.35,15:13,0.28539633942582016,594,0.4671799799220312,18,0.0
148.15,12:37,0.29471039945839955,293,0.16118759337009855,9,0.0
66.82,14:34,0.26840412735543495,350,0.5281224747065734,18,0.0
70.64,10:54,0.28910239077046507,380,0.11955028083766142,16,0.0
82.78,11:21,0.3533225561555642,151,0.101562611761201,16,0.0
252.68,11:06,0.15684820022766857,1298,0.05452966529580577,8,0.0
79.24,10:12,0.2191806414949578,1940,0.26480575568632947,22,0.0
51.32,09:44,0.35144009365704376,1938,0.5302447090641763,16,0.0
30.39,14:23,0.36283069254711664,969,0.3681477828885707,16,0.0
200.85,09:04,0.349147506368194,1454,0.5078098437530106,11,0.0
103.15,17:15,0.35910215565598763,531,0.12083707088158976,12,0.0
7.13,12:31,0.42026273010476634,943,0.769021922455399,18,0.0
423.16,12:53,0.3883861203453074,1511,0.09198248689876844,13,0.0
11.83,16:13,0.27330964458387347,159,0.24856909880978417,11,0.0
4.01,09:42,0.22327129097748005,1741,0.27470029412662283,12,0.0
75.92,12:44,0.2592522828585137,490,0.26452582687920206,19,0.0
92.19,15:45,0.3635381358822269,1987,0.1938735648268413,19,0.0
248.61,09:32,0.36619955670633053,940,0.45050172055159543,15,0.0
48.99,14:11,0.37889633552343976,462,0.3299151194987344,23,0.0
18.79,15:58,0.27481216921032725,1310,0.21946172363190974,12,0.0
30.97,17:04,0.389828185602804,709,0.04808582591520726,15,0.0
102.31,12:01,0.5523799790617032,752,0.45116276728179294,15,0.0
40.62,17:14,0.37271657443980283,1524,0.1390481609412821,15,0.0
19.11,11:05,0.2713608126503223,1568,0.13883213905665712,22,0.0
5.71,16:46,0.2820489537258488,1613,0.1074814623047557,13,0.0
448.76,12:21,0.25072504472200474,1091,0.14241288341075983,18,0.0
264.68,10:08,0.4069608262157981,793,0.06974461356439854,14,0.0
205.23,15:41,0.4609074172473282,1460,0.07225645115661723,12,0.0
502.98,12:05,0.14929280768216127,627,0.1206966513686369,11,0.0
148.71,17:59,0.4237572047484117,1786,0.43673857605168864,17,0.0
63.63,09:23,0.3315341858900654,538,0.3667411462107907,14,0.0
461.63,16:46,0.27822264176081135,1058,0.14453229904701595,23,0.0
150.58,14:19,0.38400098267456073,1959,0.20661645588371674,18,0.0
11.62,12:12,0.36032860336737965,777,0.3499711769878075,13,0.0
296.84,16:35,0.3670100040125152,1340,0.32047934181097637,17,0.0
523.36,17:33,0.2810604859252786,142,0.221980169800084,19,0.0
95.86,13:12,0.21661648165601977,171,0.6140536571392488,11,0.0
865.21,11:40,0.2598931333076912,1020,0.3176889926704476,14,0.0
167.16,10:01,0.3998816644778151,1210,0.33319647356953386,14,0.0
94.86,14:31,0.2962626140201387,592,0.3981758073568669,17,0.0
216.34,17:29,0.1565534658150313,390,0.18157819616748677,19,0.0
223.84,14:12,0.14616300010318967,996,0.32954133936527086,18,0.0
3005.93,01:54,1.1909417940306177,21,0.7772570050393389,128,1.0
451.19,17:53,0.2598941149875614,323,0.3604256468206961,23,0.0
35.63,15:35,0.22513197984948602,1064,0.27800583049000505,20,0.0
72.94,16:53,0.1083832820334121,1657,0.044923509962675266,18,0.0
1.66,13:00,0.26962402184802253,1041,0.16282911714008308,6,0.0
119.35,10:54,0.38232288783468227,762,0.17763341664847299,13,0.0
510.13,14:00,0.32419363694735714,825,0.12700808289497548,11,0.0
265.57,14:20,0.3579007700149264,1674,0.3864082446910496,16,0.0
214.21,10:09,0.21610587479196974,1978,0.43636429096268614,16,0.0
32.72,10:33,0.543776958805973,484,0.5502640258308823,18,0.0
122.05,14:56,0.4420521343288648,182,0.4756291438583263,22,0.0
2997.45,22:21,1.5958203700786742,29,0.9295761763494824,118,1.0
56.03,14:11,0.23045307686783867,1370,0.31647010256253905,14,0.0
183.75,09:20,0.3646297369403573,338,0.14166628280554644,11,0.0
145.19,12:48,0.16861385420226224,344,0.31886759362172107,16,0.0
102.53,16:17,0.4800658629963566,1858,0.5862799937900859,13,0.0
146.28,09:27,0.21335793885514454,1148,0.21648934915568346,17,0.0
15.33,14:46,0.15384438227491842,1638,0.06441766416285241,14,0.0
249.55,09:23,0.2713278825238759,1895,0.4197703738127,15,0.0
172.33,14:27,0.2565354910209805,819,0.6349123400785472,9,0.0
160.77,10:20,0.29077657953667196,387,0.24416643613835387,20,0.0
155.73,13:20,0.29183289691480163,1834,0.2035729545399816,20,0.0
357.19,13:12,0.26565889004120324,1081,0.7079130775020853,18,0.0
121.18,14:57,0.25159429806722017,520,0.20209278721418783,23,0.0
7.93,10:48,0.14476225384149383,1450,0.4528320752390311,15,0.0
69.42,14:47,0.13395173323061757,1543,0.3699868620451042,15,0.0
291.2,17:19,0.5923355617319088,382,0.3557196704597639,15,0.0
33.23,13:33,0.33417289147404344,107,0.2517774457736023,23,0.0
5.61,12:49,0.3668649860160592,539,0.105714582863147,16,0.0
47.05,17:35,0.35298806963866447,579,0.07701628300024141,17,0.0
34.44,17:12,0.4381783897451939,433,0.8170765329830706,11,0.0
3311.5,03:56,1.508340874721982,22,0.8458410447277506,127,1.0
308.5,13:39,0.1782076373234887,1041,0.3006411578892512,15,0.0
3.41,15:14,0.23433152098898888,1934,0.2638583189192977,11,0.0
74.7,10:43,0.28981366056343427,1676,0.47894204644732696,14,0.0
99.4,10:14,0.481963935206119,1145,0.011562417561293163,12,0.0
241.31,12:41,0.25314310772018,855,0.40301583922482553,12,0.0
21.58,17:45,0.3381148046654322,520,0.5566001526992631,12,0.0
137.86,14:08,0.347032231052829,1360,0.01721732708644064,12,0.0
177.6,12:34,0.09847940116445855,534,0.5241919069511579,21,0.0
387.93,17:32,0.14290066443253277,258,0.20613740658076493,15,0.0
338.37,11:16,0.18988597120224276,1040,0.2411699690152992,5,0.0
56.61,10:38,0.3372168681472095,105,0.48990335194287926,9,0.0
32.68,12:04,0.3027054040688951,1927,0.21863768430993039,18,0.0
61.87,10:49,0.20687324202837354,129,0.18611474671119055,14,0.0
1998.43,01:07,1.8055719909558121,94,0.6210284074761797,115,1.0
64.44,13:49,0.14432366541212754,1436,0.6521424738860108,15,0.0
96.42,09:03,0.3737373135260824,590,0.391257301967207,15,0.0
19.15,10:33,0.18734531877162025,674,0.3872984247901116,12,0.0
163.37,12:50,0.28873761707372136,270,0.4241284845892963,11,0.0
270.21,13:28,0.40780033727074766,1279,0.4185300298721976,16,0.0
3.04,09:38,0.45891644192479264,1523,0.24930537777620032,18,0.0
525.53,15:30,0.4880435146402655,648,0.13942182895883667,16,0.0
93.46,10:03,0.3978924006865424,1211,0.11380703750529814,19,0.0
38.16,17:07,0.21985410292702717,1603,0.15357905196838312,17,0.0
121.23,12:36,0.3172015699015853,883,0.7014259858292022,11,0.0
331.1,09:44,0.1594245269347044,1850,0.2590520487624869,14,0.0
230.69,16:01,0.2302266216698386,918,0.48089426603240126,12,0.0
136.66,12:28,0.388499338608111,651,0.4387726449013468,20,0.0
40.62,13:58,0.3759387939309157,719,0.28945236200240887,17,0.0
68.44,15:32,0.2242450288760718,459,0.3093765742213388,17,0.0
304.43,10:08,0.2945191365082522,577,0.4148041913918424,17,0.0
14.35,11:01,0.37779547727927554,133,0.46676103039950406,15,0.0
61.17,11:46,0.4040909350306113,270,0.44511823729718447,18,0.0
206.9,15:56,0.4051979954209332,1577,0.3698282988457394,19,0.0
281.06,14:13,0.3193373173825456,398,0.266758290796249,16,0.0
331.45,10:36,0.43428742129494113,1425,0.140255728333557,5,0.0
114.36,16:10,0.21638221185127032,1209,0.552116421416855,15,0.0
58.66,13:59,0.23305243749108565,350,0.5490002687986354,15,0.0
314.58,10:26,0.35992319471129663,230,0.25986062871172716,15,0.0
22.08,13:23,0.22949625198603388,1162,0.04140745523554081,14,0.0
24.45,15:57,0.08433993033672119,630,0.5007297367893635,10,0.0
587.05,14:26,0.33574217162176184,604,0.1059550260411185,9,0.0
1225.87,14:02,0.059052567878170925,980,0.23580299635919963,19,0.0
192.16,13:26,0.4407526457538372,310,0.22866508375973285,15,0.0
165.68,16:09,0.3355889377554319,884,0.10599056376427413,18,0.0
417.92,17:49,0.2698963889879096,1681,0.17462920415740954,13,0.0
80.38,09:09,0.2632771009669505,1318,0.09116480090521119,25,0.0
252.14,16:47,0.2760876305497041,1007,0.2515908928612635,14,0.0
141.48,11:45,0.1823696743076731,1920,0.10459397791829704,11,0.0
87.38,12:22,0.15554826629977267,320,0.4308116984022526,24,0.0
104.79,14:43,0.2599290692516927,1744,0.4288108037673238,18,0.0
441.32,13:45,0.32971273521194044,1173,0.361031551828916,11,0.0
2996.54,01:56,2.046650684818712,52,0.8407380548893065,129,1.0
29.99,10:37,0.00710486352989026,292,0.2731642097778833,18,0.0
9.82,17:32,0.12486300434321435,1724,0.23059532394294716,20,0.0
150.08,09:16,0.34329766827277314,1874,0.16436470144995277,16,0.0
140.3,15:38,0.2593537778770638,1725,0.521644160020166,16,0.0
65.39,16:47,0.19934867072904194,228,0.11396458469721821,20,0.0
47.91,09:31,0.1163825535567502,111,0.4703458860327593,17,0.0
1.83,14:32,0.13230915260307455,262,0.30488663906369246,17,0.0
74.91,15:35,0.277942753251916,1864,0.17220572464146502,13,0.0
398.24,11:06,0.20741808168524206,1085,0.232276804595131,15,0.0
235.23,10:13,0.4948670957721486,1910,0.05173255984730596,17,0.0
129.51,09:07,0.2347042008742189,1360,0.6057924099016173,10,0.0
605.8,10:41,0.36973130389123987,867,0.4036228442603848,10,0.0
2.99,13:02,0.4372116846572371,316,0.45263967823191,18,0.0
49.66,14:02,0.3597274887556583,175,0.11646165822692993,13,0.0
12.02,11:59,0.26892455282192007,125,0.3627259139888656,23,0.0
237.0,14:47,0.26996182594802287,287,0.2319914797741089,17,0.0
336.5,16:26,0.2620153071088091,1599,0.4331289614016399,24,0.0
270.55,09:53,0.36296998527125834,1843,0.30784195819665283,14,0.0
150.4,09:05,0.3191660891734783,1101,0.23245975036091096,10,0.0
451.52,14:58,0.3485962282927271,1108,0.2141341466859042,14,0.0
18.3,16:25,0.5449459798958101,1324,0.05932741380136021,21,0.0
207.92,16:54,0.4173032533825707,964,0.24521197488382013,13,0.0
181.58,13:43,0.3092179509636487,983,0.07583134830226654,18,0.0
42.85,09:46,0.16118152898257931,1977,0.09596398201491098,13,0.0
82.08,12:55,0.23523678864114594,1029,0.17360986213224197,11,0.0
12.55,17:11,0.33498901201147374,471,0.03901858277736632,15,0.0
133.71,10:50,0.4931439151127056,1406,0.04526785104188647,11,0.0
38.52,14:32,0.3517543775812271,336,0.13237845570239706,14,0.0
161.81,09:51,0.24561281342206837,1680,0.2515816126212466,12,0.0
150.55,17:36,0.31199506801587423,1969,0.36501975474848997,16,0.0
276.61,16:36,0.3715363946800634,228,0.2840049073408374,14,0.0
258.78,10:13,0.3697623370732438,1239,0.18322173253738752,13,0.0
116.69,15:52,0.4106990412978503,147,0.6259464827908655,6,0.0
247.85,11:56,0.3406085197016234,992,0.30814285175734385,12,0.0
84.76,16:05,0.19597082717723893,1104,0.025476063731247563,14,0.0
1027.3,04:18,1.4773861162731703,75,0.7217398033983837,104,1.0
1431.72,23:07,1.1353206012137256,54,0.8422295665012569,107,1.0
131.44,15:39,0.2971291409787772,1006,0.15944972668335514,21,0.0
342.5,14:45,0.28036724439746274,881,0.054019350000322035,17,0.0
43.2,10:13,0.12507799569897898,943,0.25811051481633246,18,0.0
157.46,11:42,0.13749640307530914,1170,0.31305503263356105,21,0.0
24.71,11:50,0.23265264773492095,1558,0.36583198812673756,20,0.0
349.27,12:07,0.3036874804186346,264,0.4234644910177178,13,0.0
68.78,12:29,0.5126435588973208,562,0.5604459705523169,17,0.0
108.94,17:18,0.3591108613538543,1582,0.08557242722329206,14,0.0
139.78,14:10,0.241958315278197,1919,0.15188653723581794,19,0.0
212.73,13:20,0.2818993861340386,1112,0.5798862349073927,15,0.0
129.02,12:17,0.3894577679243757,475,0.12268216489802364,13,0.0
182.11,10:01,0.2176640795421577,1460,0.0212466562827878,12,0.0
28.11,09:05,0.3980093535070105,1478,0.07707171240538534,14,0.0
26.37,15:05,0.3589722092741383,1128,0.23460085085355928,22,0.0
854.23,10:03,0.45948553486982074,281,0.526675828091143,18,0.0
73.34,11:56,0.47450164299877884,857,0.23242009909429942,18,0.0
51.08,15:14,0.1923536919467197,425,0.06215756576482249,20,0.0
358.33,13:43,0.25281404055665363,1173,0.25997278659045764,23,0.0
167.27,09:28,0.22931428659398034,925,0.4850007794585441,12,0.0
243.57,11:51,0.3629914862046294,819,0.6169928598711879,17,0.0
26.62,17:59,0.10143378436006847,1844,0.09186901063519616,15,0.0
22.51,14:59,0.46994944526713456,1781,0.2584675985065914,12,0.0
15.44,11:51,0.41411327315312507,530,0.3328198423324486,11,0.0
107.64,15:10,0.41228639537338074,1987,0.2566417487694394,15,0.0
126.01,15:23,0.3401825854034002,1741,0.4112344915093447,12,0.0
112.52,10:35,0.359765264635325,514,0.16833634167091943,13,0.0
3949.96,00:37,1.587343292470812,27,0.8104742108827282,141,1.0
41.96,16:31,0.22501885928335413,707,0.12900708367169525,9,0.0
37.68,14:25,0.2308382430181099,118,0.2180145877837442,18,0.0
104.92,15:41,0.305392042530578,926,0.11341374791535604,9,0.0
382.42,14:52,0.3209069230117865,1736,0.37721975932973345,14,0.0
66.0,14:58,0.17942378715444612,582,0.04687605652207088,10,0.0
4.03,09:58,0.2546258387161671,1871,0.21003403823757016,9,0.0
146.82,10:20,0.3134472842062913,1910,0.1642205970477729,14,0.0
30.1,16:16,0.25265419063676403,1360,0.25301452941767755,16,0.0
265.99,14:17,0.31314193440413507,1564,0.1155223258179043,12,0.0
139.98,16:40,0.272156711736115,1566,0.18931859877353682,19,0.0
43.51,12:48,0.3729911492882874,1330,0.41479562378173657,13,0.0
491.21,15:30,0.27293794204720634,679,0.34141723179861583,17,0.0
259.35,14:33,0.2133380391335868,1471,0.3051488265277075,11,0.0
267.96,16:38,0.2284083149241467,155,0.40972778097489254,12,0.0
12.79,16:18,0.2870090217019314,1851,0.26682251520299965,12,0.0
334.78,10:06,0.18764708790860052,1639,0.3625175720404671,10,0.0
101.77,14:47,0.3915417021230274,1861,0.22929161272930865,19,0.0
188.8,16:12,0.23637104543219187,1369,0.06748006363767217,22,0.0
47.68,15:04,0.4660042489483483,1478,0.6892924487675051,16,0.0
2.76,10:16,0.2503695269044716,1960,0.2190005585674616,21,0.0
18.03,16:20,0.28841079386388674,1440,0.34688587484238415,16,0.0
266.34,13:41,0.43899553668878233,1853,0.6218640404647496,13,0.0
178.6,13:32,0.31420154122552324,1571,0.2320949604084897,14,0.0
2914.13,22:26,1.7392808549999261,36,0.42321716664416204,115,1.0
6.24,17:16,0.18628586194637775,1511,0.22153087051832474,17,0.0
285.71,10:09,0.4126200087189141,1316,0.8088683480711647,9,0.0
283.79,11:11,0.28782960455821327,105,0.34904604449116655,15,0.0
307.73,14:29,0.3788548618317301,809,0.25107611470273056,15,0.0
26.44,12:02,0.22383117937664015,1320,0.3851783532117631,14,0.0
2000.15,00:04,1.3564260300407418,12,0.7461462572901602,143,1.0
331.81,10:30,0.4505415600508462,1227,0.10151589234052812,21,0.0
18.47,12:14,0.21697448109628092,265,0.5194678075844885,18,0.0
3278.04,00:31,1.4885577935927048,76,0.681781498504656,111,1.0
60.86,17:37,0.3173961149685708,700,0.2632375631228594,12,0.0
2.17,10:54,0.272555997289098,286,0.432350043268956,18,0.0
244.2,15:21,0.3176487310362625,670,0.2851528917974987,20,0.0
54.41,10:59,0.18339911109247747,1984,0.4046798310747008,16,0.0
221.08,14:42,0.2168830114195335,1918,0.1675488736354689,20,0.0
287.61,12:22,0.25774588895949624,553,0.4552997340712384,13,0.0
41.57,16:51,0.3635729536157309,1264,0.4289143987699017,10,0.0
233.51,11:41,0.40339251430855577,1866,0.49235269438155244,16,0.0
167.07,17:54,0.48339226521937834,1219,0.15372970717067538,13,0.0
327.34,11:33,0.3288126236727704,1362,0.28998072006861864,10,0.0
21.65,09:02,0.18910033067890764,830,0.1015179095739813,24,0.0
14.8,10:20,0.40339632564990224,1023,0.042997306432424366,6,0.0
58.02,11:01,0.3768342949486146,831,0.16637126794240822,14,0.0
16.49,13:39,0.3607245453683406,1613,0.2251653353895513,13,0.0
66.67,17:58,0.37502869100809477,1796,0.07799473747417748,16,0.0
221.28,09:14,0.35500950570276946,701,0.15545600463760503,14,0.0
254.41,13:24,0.2610837682914033,1798,0.1265269367906354,14,0.0
52.13,12:52,0.4103130706069741,1356,0.287443642474926,12,0.0
20.74,13:30,0.35509866575713134,1719,0.28495778597402116,20,0.0
85.94,10:11,0.360588554795727,1301,0.3787146092073212,8,0.0
341.27,09:10,0.3411786291045867,470,0.05402368871577694,12,0.0
44.81,10:09,0.33640670285684143,621,0.43577956244381993,14,0.0
71.63,13:17,0.3485464524646742,601,0.29368164776626776,18,0.0
104.77,11:11,0.35465226309720393,723,0.5176335726560647,15,0.0
69.34,11:01,0.3615030193772319,948,0.13441474204193243,21,0.0
148.29,14:30,0.2547438330798637,1781,0.1382926263563627,19,0.0
69.79,09:04,0.2972710060360299,294,0.15924736207325813,18,0.0
110.15,09:20,0.4198835296711356,944,0.4608863983270883,14,0.0
196.18,16:28,0.29269665201811973,465,0.3827962005638406,14,0.0
28.04,09:28,0.1617133022745775,816,0.21162796390874455,13,0.0
163.39,13:37,0.30383005875224245,1621,0.5580726031149852,17,0.0
2472.01,00:44,1.5442622735595986,74,0.7425025538997212,111,1.0
15.99,13:44,0.3066981807818733,1866,0.6036356522936738,14,0.0
11.5,15:36,0.3853386443329082,1730,0.1380110984957995,16,0.0
66.58,15:33,0.2420062964087074,756,0.3553409916048372,15,0.0
103.48,14:26,0.22861090125667333,1757,0.12768374810929828,12,0.0
233.1,14:19,0.3177571308640037,151,0.44131200235284157,17,0.0
27.76,12:16,0.3663656027937674,626,0.38347245287791454,14,0.0
327.17,11:58,0.33016192479535966,1581,0.4242409723176182,22,0.0
425.72,15:35,0.30064794842207165,1186,0.35483149073214454,17,0.0
1.96,16:14,0.3305106733240729,919,0.385400960712383,23,0.0
41.08,12:07,0.260247017904454,1188,0.3083411403706157,12,0.0
31.74,17:44,0.4873020623575457,1670,0.058405899955161225,18,0.0
90.28,14:54,0.35869522911833746,1198,0.1568669083609736,20,0.0
1.0,10:54,0.14903072407464452,1505,0.12286526881773546,12,0.0
101.63,16:33,0.2737443766432574,300,0.21018467062322396,16,0.0
172.91,15:29,0.5052166148009324,705,0.3859281632722622,15,0.0
446.05,09:43,0.3583588469973272,1059,0.7098734214882839,12,0.0
208.31,10:07,0.32638390042488924,1247,0.5891391283560721,7,0.0
96.22,16:34,0.08566326758626405,403,0.06427835715076206,22,0.0
26.92,17:44,0.3177778922929881,107,0.27381273776887544,11,0.0
447.93,11:04,0.3320227185499346,1196,0.5478308407665378,21,0.0
54.49,15:24,0.4300737305888016,1561,0.14363949278206511,12,0.0
29.5,12:34,0.3119502521264682,1401,0.12403134395081025,13,0.0
262.7,17:12,0.5453903345943572,1434,0.1678375940745747,14,0.0
215.01,12:11,0.2837120422540559,1031,0.20281609918068888,20,0.0
25.52,09:34,0.31332572338612774,357,0.1306550627169592,15,0.0
13.38,12:41,0.2330268167511606,637,0.28414219725112577,12,0.0
209.98,10:02,0.3582448124654831,1640,0.40687663923282175,18,0.0
395.33,12:56,0.5000367511508081,1078,0.44092609390274556,14,0.0
22.77,16:17,0.2695590253662188,106,0.13505278328534262,20,0.0
59.05,14:09,0.43612101153211186,1127,0.3631809079629769,17,0.0
144.45,12:13,0.4206551936236775,305,0.11192688888737036,18,0.0
49.44,14:41,0.43876443070576576,1774,0.24312926408550883,8,0.0
22.58,12:05,0.3938221997655732,1972,0.11111102850573637,14,0.0
220.45,14:52,0.28264681709649836,474,0.19127115985704507,15,0.0
96.36,13:36,0.29895150231439954,1794,0.32547923760541836,27,0.0
88.97,16:28,0.23105221752164284,393,0.23136020637766871,18,0.0
63.92,13:21,0.26068788108000934,1753,0.4954018856743464,13,0.0
7.98,17:25,0.4113360505943939,936,0.05474617731609722,19,0.0
333.91,16:33,0.33060143980178963,1325,0.1703620783017278,17,0.0
83.06,12:05,0.1326515200323885,1758,0.16373665897506642,11,0.0
49.26,16:27,0.2706203349859206,153,0.6441064883760531,12,0.0
52.32,12:10,0.42446880463650966,1414,0.40370219004063607,10,0.0
122.6,09:24,0.3649961566153887,1710,0.254160723346467,16,0.0
114.08,17:39,0.19682654202034888,1913,0.3841939454338454,14,0.0
76.81,14:46,0.31354024824836113,1216,0.44388842517864097,18,0.0
300.94,12:42,0.15127661322537567,964,0.4171628283983963,11,0.0
187.42,09:53,0.4578037507053099,1219,0.2135542114753054,12,0.0
403.5,11:08,0.2551283431334901,841,0.24519489937796712,20,0.0
339.99,12:02,0.28223632946146265,841,0.373261428450588,23,0.0
691.59,15:55,0.47020551540159256,1439,0.33334094111089646,14,0.0
58.5,16:17,0.4396848201813328,1646,0.2743334630777422,23,0.0
108.23,13:28,0.3291761442533547,1597,0.6483267488324725,11,0.0
380.45,17:03,0.40358473048676186,751,0.34899147292574534,11,0.0
184.26,10:13,0.3199297309992064,1990,0.5443911094372088,18,0.0
71.92,11:14,0.3217831879512215,1419,0.5026500465541401,10,0.0
55.87,16:12,0.05747857221273989,873,0.27307383539741376,18,0.0
7.06,16:24,0.2795076208225891,755,0.3992279421087999,13,0.0
126.62,10:56,0.2635450853464976,1101,0.18699261172583861,15,0.0
101.48,14:28,0.4634134993488868,338,0.1128387462802791,11,0.0
153.73,12:35,0.21361354341269573,1674,0.7381382844928187,16,0.0
3.53,13:01,0.2814570532346926,1984,0.3169804720486137,20,0.0
25.31,16:17,0.5529564505462822,178,0.16493292464028853,14,0.0
91.94,13:26,0.1510849883238404,1678,0.29884923446366335,16,0.0
81.61,14:47,0.3713061180926604,1878,0.09858119659975567,19,0.0
22.64,16:27,0.11755591133235371,175,0.3617175525774518,6,0.0
337.43,10:42,0.2753249337901124,391,0.26513288415612274,14,0.0
132.37,11:54,0.22289825816347503,526,0.2949336164444326,10,0.0
38.97,13:39,0.3113469036715476,1340,0.21076375877040923,17,0.0
16.33,17:22,0.22028572755934325,163,0.29324200385798277,11,0.0
