Distance,Scheduled_Departure_Hour,Day_of_Week,Airline_Code,Departure_Airport_Code,Arrival_Airport_Code,Temperature,Wind_Speed,Visibility,Delay
960,17,3,2,10,19,10.8,14.8,1.3,0
3872,20,7,1,11,8,35.4,46.5,6.9,0
3192,16,6,3,9,9,2.1,6.2,3.6,0
566,6,6,4,9,17,-5.4,32.6,6.0,1
4526,16,2,1,5,3,5.9,2.6,3.5,0
3544,19,4,2,1,19,-4.8,22.3,4.1,0
3271,8,3,4,17,11,-3.6,27.7,9.3,0
3019,16,3,3,2,17,18.7,14.9,2.9,0
230,19,5,4,13,19,-7.0,22.8,8.9,0
1785,21,5,1,9,2,-8.5,8.2,1.3,1
869,21,7,3,4,8,25.7,15.2,1.8,0
2491,7,3,2,5,19,8.1,31.1,8.7,0
2533,16,7,3,11,7,-3.7,15.1,6.7,0
1284,6,7,3,19,17,2.7,45.0,7.7,0
4655,0,5,5,3,6,22.1,31.4,2.9,1
3485,12,4,3,12,19,3.8,21.9,5.8,0
4217,22,7,3,19,6,14.7,1.9,7.6,0
4943,18,1,4,19,2,-3.9,25.0,6.6,0
3004,23,4,2,13,6,19.4,38.2,5.2,0
574,18,3,4,7,5,5.8,13.3,9.6,0
1182,16,3,4,15,19,21.3,40.3,7.1,1
2658,12,7,1,7,20,30.4,12.6,9.2,0
2147,15,4,4,8,4,20.6,41.2,7.6,0
2847,7,5,5,5,17,4.8,4.3,7.6,0
1075,18,5,5,14,11,2.8,43.3,1.7,1
1906,17,6,1,4,4,6.4,25.0,4.2,0
289,0,3,2,10,13,-1.8,14.8,8.7,0
2834,13,2,2,20,20,-0.9,13.3,3.1,0
3105,18,6,4,15,17,29.5,21.6,2.0,0
4758,14,5,4,18,9,9.2,50.0,3.9,0
1999,17,4,4,20,4,11.8,11.0,3.0,0
1367,1,5,2,13,14,19.7,5.2,9.3,0
1628,21,4,3,8,19,19.5,29.3,8.8,0
3302,16,6,5,9,3,-6.6,24.4,5.5,0
3656,17,3,3,16,14,31.6,26.2,1.6,0
3990,5,5,3,19,8,-1.1,33.3,7.4,1
746,18,7,2,16,1,26.2,13.4,6.6,0
2988,3,4,3,7,10,28.6,45.5,9.7,0
2535,0,3,1,14,18,25.7,21.8,6.0,0
700,7,2,4,14,16,18.9,6.5,4.0,0
2463,22,4,1,4,8,-9.3,37.1,5.7,1
2161,6,6,5,15,1,8.0,32.2,9.8,1
341,2,2,4,3,12,20.2,15.8,7.3,0
2141,9,2,3,5,8,9.4,31.1,7.0,0
2924,9,1,5,1,16,33.2,11.0,3.2,0
2712,18,5,4,3,18,5.4,22.2,7.7,0
1463,13,4,3,15,4,4.7,45.0,7.8,0
1578,1,2,1,8,6,3.3,6.7,3.9,0
2656,0,1,4,4,12,6.6,19.3,5.4,0
875,22,6,3,2,9,17.9,41.1,3.7,0
4114,22,3,1,10,15,25.4,48.5,3.3,0
134,17,7,5,4,16,23.1,22.7,1.2,0
3252,6,7,5,3,12,30.4,25.3,3.6,0
2055,7,4,5,2,14,34.3,28.6,6.0,0
1685,0,2,5,17,13,30.8,46.6,1.0,1
4043,22,7,2,20,2,-9.1,42.9,3.5,1
3173,2,5,4,13,3,26.8,8.5,8.9,0
1121,23,7,4,5,10,0.4,21.8,6.3,0
3561,22,7,2,9,9,-3.4,23.2,6.5,0
2713,7,7,3,6,20,21.9,39.5,4.6,0
3943,21,1,3,5,8,6.0,30.1,7.1,0
1600,14,2,5,10,10,-7.1,32.7,2.7,1
4898,4,5,1,8,19,-3.1,49.9,8.4,1
261,2,2,3,7,3,-10.0,3.7,2.1,1
4397,18,4,1,7,5,35.2,11.2,6.9,0
2081,0,4,4,6,3,-8.8,20.4,4.1,0
1095,14,4,1,20,16,0.5,17.4,7.7,0
3442,7,6,4,3,17,10.8,1.1,5.9,0
4651,1,7,2,19,15,7.8,4.6,5.1,0
3898,2,6,2,15,3,35.6,34.0,2.5,1
1375,23,1,5,4,12,-8.0,44.0,6.7,1
1116,13,4,3,12,9,15.6,25.7,9.8,0
437,23,5,5,6,12,24.0,27.0,8.4,0
978,13,2,4,19,15,36.6,12.8,1.5,1
1176,10,7,5,4,2,21.0,38.4,4.4,0
4987,15,3,1,15,18,30.2,37.6,9.3,0
4093,3,5,4,9,20,-5.8,29.4,5.5,0
4959,19,7,2,5,12,9.3,10.6,7.0,0
479,4,6,3,13,4,8.7,4.9,9.2,0
592,21,6,4,18,16,34.3,3.2,8.9,0
2162,20,5,4,5,16,-2.4,29.6,5.5,0
3984,13,6,1,16,1,-2.4,41.3,4.9,1
164,22,4,3,19,2,6.4,42.9,4.1,0
2668,15,1,2,14,3,-7.3,23.2,7.5,0
2127,17,2,4,16,20,-0.9,39.2,3.6,1
2795,6,1,4,15,17,38.3,47.3,3.2,0
1595,9,7,1,4,20,11.4,13.8,4.2,0
491,6,2,5,7,1,21.6,19.9,2.6,1
4614,0,2,2,16,20,26.3,46.6,7.3,0
4574,22,1,3,8,6,8.3,16.9,6.5,0
3661,20,5,4,17,15,-2.6,45.7,5.3,1
2378,18,2,4,16,14,0.3,49.1,4.5,0
3199,15,1,2,10,20,5.7,33.1,9.2,0
300,18,2,5,10,15,21.8,40.8,1.3,1
4975,3,3,4,2,14,9.9,37.5,7.9,0
3204,17,5,2,9,5,-9.7,35.0,9.1,1
4698,1,4,1,17,6,16.2,15.3,5.0,0
2554,0,2,5,11,17,36.1,2.9,6.0,0
3745,14,3,3,10,11,30.6,17.2,9.5,0
904,4,4,4,17,16,31.3,33.3,2.9,1
2831,19,4,2,4,12,29.8,5.1,5.7,0
2873,10,7,1,16,15,6.2,0.6,5.3,0
1670,9,2,3,20,4,28.3,7.0,3.3,0
2790,1,1,2,15,18,-2.8,35.8,8.4,1
3940,2,2,2,5,3,22.9,48.6,9.1,0
1128,22,3,3,6,8,22.1,49.2,8.0,0
602,22,4,1,17,3,-8.7,24.7,2.8,1
4593,11,2,1,1,8,29.4,43.5,1.8,1
970,19,1,5,19,18,35.2,36.8,6.4,0
4588,4,7,4,4,10,3.4,25.1,1.5,0
306,4,2,3,17,20,30.6,28.6,7.1,0
1584,5,5,3,9,17,-5.9,6.9,5.8,0
963,8,7,3,2,8,20.0,46.9,7.0,0
2890,1,1,1,8,11,14.3,17.6,6.3,0
663,20,3,4,15,5,17.3,22.3,4.8,0
4291,11,4,5,7,13,36.3,33.6,2.8,1
1857,2,2,2,6,5,33.6,16.7,3.8,0
1778,19,1,2,1,13,29.3,12.7,5.7,0
3342,21,7,3,15,6,3.7,31.6,6.9,0
4736,11,5,4,7,5,35.6,1.2,8.0,0
1159,23,1,1,17,9,-5.1,36.0,7.9,1
1822,16,6,4,2,16,32.7,25.7,9.8,0
3414,9,5,4,9,2,6.4,30.3,3.6,0
3257,23,7,1,9,1,-7.3,31.6,1.6,1
2725,13,3,3,13,8,23.5,26.4,4.1,0
2829,22,4,4,6,19,1.6,29.1,7.7,0
1697,16,7,2,6,11,2.2,34.2,4.9,0
3160,17,3,1,20,12,5.3,37.7,8.4,0
2793,18,2,5,20,12,-6.8,36.4,5.9,1
4991,16,1,3,3,7,-1.1,43.5,9.4,1
3727,13,6,1,17,13,-9.7,9.5,9.5,0
1463,8,5,5,17,8,12.3,20.1,1.6,0
2081,7,5,5,12,9,-5.8,47.4,5.1,1
1763,1,1,4,16,7,24.1,19.8,6.5,0
1629,12,6,4,15,15,1.8,6.2,3.3,0
2138,6,1,4,13,2,37.2,26.3,4.7,0
3402,8,2,1,1,20,33.6,5.5,7.1,0
2337,21,3,1,17,12,4.5,10.1,3.0,0
1406,21,7,3,3,1,29.2,49.9,6.4,0
4129,10,5,4,15,8,30.2,27.1,7.3,0
2775,13,2,5,4,5,39.3,14.2,1.8,0
1382,3,3,2,4,15,19.9,49.7,5.5,0
809,12,2,3,18,1,-5.9,48.3,3.4,1
4844,1,6,1,17,1,22.3,22.0,7.5,0
4513,22,5,3,19,10,21.2,13.0,2.7,0
3848,4,7,3,11,10,21.9,41.9,9.0,0
4879,10,1,3,20,15,5.4,35.8,4.9,0
763,5,1,3,3,17,33.0,34.3,2.8,1
2098,17,3,2,8,6,38.0,44.7,4.9,0
3545,20,7,4,14,3,0.9,34.5,4.7,0
3843,9,4,5,1,13,-5.6,14.2,4.9,0
1595,3,6,3,14,16,-0.3,34.7,6.3,1
3404,8,3,3,2,8,31.0,15.3,5.7,0
3863,5,4,3,4,15,23.8,38.0,2.3,1
1953,1,2,4,19,17,21.8,31.0,1.6,1
4759,16,6,1,6,17,10.1,3.9,7.6,0
1391,4,2,1,1,13,18.9,25.6,6.0,0
3681,5,7,2,17,17,5.4,17.2,4.2,0
3557,11,5,1,8,6,13.9,16.4,8.3,0
1736,22,6,3,19,17,29.7,30.1,4.5,0
3796,20,4,3,1,16,39.1,16.1,8.2,0
3099,9,5,3,5,14,36.6,38.8,3.8,0
3252,21,1,2,16,13,36.7,3.5,1.7,0
798,20,4,3,6,6,10.1,33.0,9.4,0
2260,5,3,1,8,3,13.4,40.5,4.6,0
4197,7,1,4,13,14,25.3,33.6,8.1,0
4837,1,1,4,16,14,36.1,24.9,3.5,0
954,11,3,5,3,15,-2.9,47.5,6.8,1
3574,12,6,1,19,8,5.2,15.0,8.9,0
1807,20,1,3,12,15,-3.0,1.0,1.4,1
2877,6,7,4,16,13,20.6,21.6,8.5,0
1833,9,4,1,11,17,5.3,1.7,6.1,0
3610,12,5,4,10,3,6.3,47.7,6.5,1
302,16,1,3,20,6,-6.5,10.5,5.7,0
3355,20,4,4,4,5,7.5,39.4,8.9,0
4318,13,2,5,12,17,33.1,38.7,1.4,1
4596,1,4,5,2,2,1.7,10.9,3.3,0
866,21,5,4,19,15,24.8,31.1,8.9,0
4489,10,4,1,5,5,21.5,2.4,7.8,0
2427,0,3,1,8,20,33.2,24.2,1.2,0
3031,18,5,1,7,6,-3.4,0.7,5.7,0
297,20,6,4,14,6,38.9,46.1,5.8,0
2030,3,2,1,3,18,19.1,48.8,4.6,0
3682,18,3,3,18,18,39.8,11.1,3.7,0
708,20,6,5,16,4,35.6,10.4,7.1,0
3372,10,4,3,19,17,1.1,37.7,2.9,1
1247,7,5,1,19,14,-7.2,12.7,8.2,0
4382,10,2,3,18,14,2.8,44.8,8.2,0
3497,3,3,1,20,13,16.4,28.7,4.7,0
2611,16,6,4,16,7,-1.4,17.5,3.6,0
1894,6,6,3,8,12,-1.6,41.6,3.6,1
759,7,2,4,1,15,13.1,24.7,5.3,0
2911,2,7,4,17,19,-8.3,45.6,7.5,1
1469,21,4,2,12,11,-3.9,46.4,4.2,1
2086,1,2,1,11,15,10.8,8.3,6.5,0
246,22,6,5,5,12,-6.8,0.1,4.4,0
3319,14,1,1,12,3,9.8,49.2,3.7,0
3011,23,3,5,17,17,13.7,45.3,1.2,1
1834,21,2,1,6,3,12.6,2.8,1.0,0
1943,21,7,4,1,19,33.5,41.7,3.0,0
588,4,6,3,5,20,16.5,22.9,4.7,0
3076,23,4,3,14,4,13.4,12.9,8.7,0
2059,0,6,2,5,3,10.5,43.9,8.2,0
2485,3,4,5,1,16,30.9,9.8,3.4,0
3019,14,2,5,18,12,34.8,47.4,3.2,0
4836,19,4,5,16,8,32.7,10.3,3.0,0
1902,18,5,4,9,17,23.7,30.7,4.1,0
4161,2,5,5,19,7,-3.1,11.2,5.5,0
3469,19,5,3,5,11,3.8,27.3,4.9,0
362,10,7,4,2,18,-7.7,34.2,3.0,1
723,16,7,1,15,1,36.5,9.5,2.2,0
1116,12,1,5,7,3,23.0,26.0,1.1,0
3743,10,7,5,4,4,27.3,23.5,2.4,0
2149,1,2,1,1,13,5.6,3.6,7.3,0
3823,8,6,5,13,6,32.3,40.9,3.2,0
4648,1,6,1,20,14,3.0,16.8,5.2,0
3208,20,1,4,7,5,-9.9,28.7,6.3,0
4190,8,7,3,15,16,8.8,25.7,9.0,0
2156,8,4,1,14,15,18.5,25.7,9.0,0
3270,7,1,2,19,15,13.9,5.4,7.7,0
1782,16,4,1,20,4,33.1,21.2,1.3,0
2355,0,4,5,18,8,-4.7,22.6,6.2,1
1254,10,3,4,10,16,17.7,36.7,8.1,0
4599,7,6,4,9,16,15.6,42.0,1.2,1
3291,9,5,1,8,4,4.1,27.2,5.9,0
1796,6,7,3,10,13,31.1,4.3,8.7,0
4091,2,4,2,17,13,27.6,11.8,5.3,0
4823,2,3,4,2,2,26.6,8.2,1.0,0
4782,17,6,5,6,3,33.8,6.2,1.1,1
1748,4,5,5,5,8,26.1,18.3,4.7,0
1545,11,4,3,9,15,1.6,11.5,2.4,0
4299,11,4,4,5,11,25.3,10.9,7.0,0
4023,18,1,1,18,9,5.4,2.7,7.4,0
353,5,1,5,20,7,2.1,0.9,2.6,0
3283,1,6,3,9,13,-6.3,5.1,9.0,0
2657,11,5,4,17,2,27.2,8.6,5.0,0
198,18,4,4,17,8,25.6,21.5,2.3,0
2300,4,6,4,12,7,1.7,25.5,7.9,0
3061,11,6,4,7,12,27.5,7.0,8.1,0
4533,16,2,4,3,19,35.9,21.2,6.8,0
3877,16,7,5,10,7,-4.6,17.1,8.7,1
2969,9,1,3,2,10,1.6,9.2,7.6,0
3334,22,5,4,3,16,27.5,0.3,8.9,0
3891,16,4,2,16,3,3.7,23.4,4.9,0
1056,14,6,2,2,10,21.2,34.3,7.7,0
4167,11,4,3,10,6,-5.9,11.3,10.0,1
260,15,2,1,6,18,12.6,6.6,7.5,0
4593,23,5,1,11,18,27.0,44.4,2.0,1
1400,18,6,1,7,5,24.3,13.8,5.7,0
4087,7,4,2,15,7,30.8,11.2,6.3,0
1627,20,1,1,6,2,33.9,42.9,2.6,1
1318,16,7,5,20,11,28.7,40.9,9.7,0
4596,22,2,4,9,13,23.6,22.4,2.6,0
4835,4,5,2,20,5,-8.4,24.5,2.6,1
3204,21,2,3,12,6,16.7,10.9,9.2,0
2835,15,1,3,19,14,-8.1,3.9,5.2,0
4655,5,5,4,20,12,30.4,28.7,1.6,0
1054,7,2,2,3,4,6.0,4.9,6.4,0
4665,17,3,1,15,6,18.1,22.5,6.4,0
3546,11,1,1,2,10,4.0,47.0,1.6,1
1145,14,1,5,2,18,29.1,47.6,9.8,0
1793,8,1,5,3,15,34.3,12.0,5.9,0
3536,12,3,1,6,8,9.9,31.2,6.0,0
662,14,3,3,15,9,33.1,23.7,5.7,0
2585,9,4,3,10,5,3.4,43.8,6.5,0
3454,15,6,5,9,10,16.7,13.6,3.4,0
325,6,7,4,1,20,32.9,0.2,3.6,0
4993,16,2,1,16,6,6.3,8.1,5.6,0
1059,22,4,5,6,16,37.7,17.5,8.3,0
4648,20,2,5,9,3,-3.9,15.8,1.4,1
3167,21,7,1,4,10,-9.1,39.6,6.4,1
915,6,6,1,2,11,35.2,34.0,8.3,0
4854,13,3,3,4,11,-6.6,15.0,2.4,1
4742,14,6,4,1,17,39.6,22.9,1.1,0
3220,20,3,4,19,4,37.6,4.8,3.8,0
116,6,7,1,10,4,-3.1,44.9,6.3,1
1343,8,6,2,15,17,16.9,46.8,2.2,1
2305,18,4,5,19,9,-0.8,49.0,4.8,1
2624,15,5,5,16,19,11.4,43.4,6.0,0
1169,7,4,1,4,5,-6.9,8.7,6.4,0
3544,17,2,2,2,6,1.2,2.3,3.5,0
2665,22,4,3,13,3,8.2,29.0,4.6,0
1160,17,7,1,1,1,11.9,45.6,8.0,0
2427,19,1,1,17,20,38.9,8.9,9.5,0
3520,6,2,5,13,16,30.4,0.4,8.8,0
401,2,6,1,4,11,26.9,40.3,6.1,0
4376,17,2,1,7,13,16.9,3.8,4.7,0
706,9,5,1,17,10,32.0,20.7,4.0,0
3270,6,3,5,9,3,7.0,33.9,2.1,1
799,16,6,3,4,9,25.4,11.8,2.0,0
1239,13,2,3,19,12,39.7,4.2,7.2,0
290,23,6,1,1,14,5.7,38.5,3.3,0
2400,2,6,5,10,1,23.7,31.5,3.3,0
1080,11,6,3,4,18,32.2,49.4,10.0,0
3075,12,3,3,9,17,35.8,17.2,2.7,0
1284,1,7,3,13,9,25.9,3.1,2.3,0
3427,2,4,5,14,9,4.2,36.7,1.9,1
3494,4,6,5,10,10,6.3,26.1,6.2,0
227,10,1,1,6,19,-9.0,10.7,6.7,0
2165,7,7,4,16,15,28.0,39.1,4.3,0
1916,22,5,3,6,5,-7.9,10.2,5.8,0
669,22,3,4,17,15,33.2,13.0,8.1,0
1995,11,2,5,10,20,-4.1,4.6,8.4,1
2833,6,3,5,18,2,-1.4,20.0,9.6,0
3963,14,2,5,18,13,13.8,20.9,8.4,0
4821,23,3,4,3,16,26.9,25.7,6.1,0
4114,16,2,5,20,15,-3.0,35.4,2.6,1
3001,3,6,1,15,10,12.0,45.3,1.9,1
1786,21,4,5,15,14,14.1,6.9,1.5,0
3109,12,2,2,4,10,0.6,2.7,7.0,0
254,17,2,4,9,14,-4.2,0.9,8.3,0
2637,0,1,2,19,9,31.8,7.2,5.6,0
1509,15,2,5,17,14,15.1,32.9,1.5,1
4157,12,1,1,11,3,-9.3,36.4,5.8,1
884,9,5,3,9,20,30.1,39.3,9.4,0
3275,11,6,5,10,16,39.0,12.2,6.4,0
4441,1,1,1,18,2,20.3,15.3,8.3,0
2906,22,4,4,20,10,15.2,24.2,8.2,0
637,2,7,2,13,3,33.9,3.2,9.4,0
1941,9,6,2,8,11,37.6,30.6,7.9,0
2555,1,1,2,7,11,27.7,49.2,7.7,0
624,22,6,4,17,13,12.3,18.0,3.1,0
3050,12,6,1,15,7,19.6,37.6,1.5,1
4231,12,6,4,20,17,25.0,25.0,5.7,0
4880,17,5,2,15,2,-0.3,6.4,2.1,1
4215,2,4,5,1,12,12.4,29.1,9.7,0
2468,6,3,3,14,10,31.5,15.0,3.6,0
3947,13,3,4,5,18,22.7,1.7,8.7,0
4595,19,1,4,11,11,10.6,31.7,4.5,0
2801,16,6,1,16,16,23.2,42.9,3.9,0
1071,20,1,1,2,17,-4.1,17.2,9.4,0
1266,11,5,4,8,19,10.1,19.5,4.3,0
2874,15,5,2,11,18,29.7,44.6,4.5,0
2082,23,2,3,18,3,1.0,40.7,2.0,1
953,11,5,1,3,16,-0.7,35.7,7.0,1
4246,14,2,2,1,6,37.5,12.4,3.6,0
3836,9,4,5,11,12,0.5,45.5,6.3,0
3869,6,1,1,16,11,3.0,7.7,6.3,0
674,19,7,2,18,15,38.5,31.3,7.5,0
3361,4,4,2,16,15,26.7,1.4,7.7,0
1248,0,5,3,10,16,25.0,32.2,5.6,0
1815,16,4,3,18,10,32.6,13.9,4.0,0
4877,2,4,5,6,12,-4.2,22.5,8.5,0
3954,12,4,2,19,13,25.3,17.3,3.8,0
2591,13,5,2,4,4,15.2,8.6,5.6,0
2760,23,7,3,13,7,31.5,31.1,4.6,1
3224,17,6,1,14,2,15.4,44.1,8.7,0
3151,3,4,1,3,15,21.0,48.0,4.9,0
104,17,2,4,10,8,13.9,9.6,4.5,0
4969,4,5,3,6,7,13.9,35.9,7.2,0
976,15,4,4,1,15,28.4,33.2,6.4,0
1091,0,7,3,14,14,21.4,17.2,2.0,0
4242,20,6,5,8,8,21.7,1.0,5.6,0
4464,13,5,2,19,12,12.5,34.5,7.6,0
4565,14,3,5,14,13,16.6,47.3,9.9,0
735,8,6,3,10,11,27.3,31.6,6.7,0
1793,14,2,2,17,17,31.3,21.8,4.3,0
1782,16,4,1,9,17,24.8,26.3,3.0,0
4852,23,7,1,6,4,36.2,10.0,8.9,0
219,3,3,4,11,8,31.0,37.5,8.3,0
930,11,7,3,7,5,18.1,37.3,3.1,0
3775,4,3,3,17,16,23.6,7.3,2.8,0
1469,4,5,1,1,4,36.3,43.9,7.4,0
840,10,3,5,5,15,21.0,13.5,3.8,0
216,5,2,2,9,12,31.2,49.1,3.8,1
2938,6,2,5,18,5,24.4,19.1,2.4,0
1250,23,1,5,2,16,17.6,8.9,3.4,0
2031,13,2,1,11,14,2.1,17.6,4.8,0
1112,23,6,1,6,10,11.3,22.0,7.6,0
1764,10,3,1,8,7,38.4,3.5,4.0,0
1181,12,2,4,4,13,22.9,28.9,4.0,0
4829,1,5,5,18,20,18.2,29.9,3.6,0
612,6,7,3,11,5,36.6,36.9,5.3,0
2949,19,7,2,5,3,19.3,1.5,2.6,0
659,3,1,4,15,15,16.3,27.1,5.4,0
3772,7,7,3,18,4,28.0,2.6,7.3,0
4683,19,3,5,2,15,25.6,35.1,1.3,1
3443,21,1,1,11,14,-0.3,2.8,1.1,1
4170,20,3,5,13,20,13.6,45.6,1.7,1
4899,18,5,2,4,19,13.6,35.1,5.8,0
1570,12,1,4,7,13,8.9,25.4,8.7,0
680,13,4,4,11,10,15.9,22.1,1.0,0
2394,9,6,2,4,5,10.7,6.5,9.4,0
3247,10,6,3,15,20,-0.0,14.5,2.0,0
4349,1,3,3,1,20,10.6,43.4,8.6,1
1779,8,7,4,3,6,-6.4,45.2,5.3,1
3606,16,4,4,14,4,18.8,0.0,6.9,0
2844,2,1,1,6,2,32.7,29.7,5.6,0
3456,23,4,3,18,16,26.3,36.0,5.3,0
4145,5,4,2,1,18,8.0,30.9,8.5,0
1343,4,7,3,6,5,-5.6,4.1,7.8,0
3218,4,1,1,6,4,0.1,10.9,5.4,0
2241,21,5,4,16,13,17.3,12.5,2.0,0
3159,14,7,4,5,19,0.4,41.6,2.0,1
4648,22,4,1,17,2,17.2,23.2,8.2,0
3059,16,4,2,10,13,1.6,24.3,5.8,0
2365,8,5,4,18,11,32.4,46.7,5.3,0
2579,2,4,5,7,4,9.9,31.9,7.1,0
4746,19,4,4,3,20,2.3,44.9,8.7,0
1735,16,4,5,13,20,30.6,22.8,6.7,0
1857,9,6,1,15,15,7.1,7.5,7.9,0
4552,2,7,1,20,4,-4.4,46.5,7.9,1
2170,17,2,4,19,9,18.5,22.9,4.2,0
2949,17,7,3,3,7,19.1,9.1,3.5,0
3351,16,5,5,4,19,25.7,15.1,8.2,0
3830,23,4,2,5,19,2.0,2.5,4.4,0
2589,2,7,4,1,6,12.2,23.4,9.1,0
1731,2,6,2,4,6,4.1,42.7,1.6,1
2916,5,5,4,12,20,-6.0,46.7,1.5,1
1115,12,3,3,10,15,33.8,46.6,9.3,0
1448,23,7,3,20,15,26.4,6.3,6.8,0
4711,14,3,3,13,20,5.1,19.1,4.4,0
3187,8,4,3,14,9,20.0,1.4,7.8,0
2939,3,6,1,5,4,0.1,42.8,7.1,0
435,13,6,1,4,18,34.5,17.9,5.8,0
4692,4,7,5,14,18,-4.3,31.6,1.9,1
995,1,5,2,10,5,-9.8,35.7,8.3,1
3646,10,5,4,17,20,15.1,21.5,8.8,0
951,8,6,4,10,11,19.2,15.3,2.5,1
1787,23,5,1,7,5,18.9,48.1,8.7,0
2031,2,6,4,16,4,-7.3,48.2,8.9,1
3846,8,7,1,1,12,5.7,14.5,5.9,0
2527,2,2,5,17,2,15.0,24.0,6.9,0
1668,1,6,2,9,13,0.8,48.6,4.4,0
4100,11,3,5,6,10,33.6,0.2,3.5,0
2838,9,5,3,19,9,-5.6,20.6,7.5,0
3598,8,6,3,13,10,14.4,5.0,8.8,0
4013,14,6,3,3,7,24.6,25.5,6.9,0
1166,7,7,5,7,4,3.1,1.2,5.6,0
4480,4,5,4,9,19,21.2,20.3,2.4,1
2544,10,2,2,5,10,31.5,11.0,1.5,0
4207,1,7,3,10,3,-0.5,26.7,5.0,0
3473,23,2,3,17,19,35.9,49.8,1.4,1
4069,14,7,3,12,2,17.7,40.0,6.1,0
2646,5,5,2,16,20,5.0,42.3,4.4,1
853,7,1,3,3,10,11.5,31.8,7.8,0
2182,4,5,2,9,2,5.6,2.1,3.8,0
2874,15,5,3,15,2,26.3,10.3,6.3,0
2996,17,2,5,5,17,29.8,46.3,5.8,0
4285,5,2,5,13,16,31.6,18.3,1.0,0
875,4,5,2,14,16,39.3,5.2,1.7,0
1725,15,5,5,20,14,29.6,35.1,3.6,1
3169,12,5,2,15,7,20.1,15.0,8.9,0
517,4,2,5,16,11,7.0,13.4,2.3,1
214,12,5,5,13,1,17.2,49.9,7.4,0
716,16,5,2,17,11,-7.9,42.9,9.8,1
4074,17,4,4,8,4,27.2,20.4,8.1,0
3367,7,1,5,2,7,12.3,49.0,3.2,0
925,12,3,3,5,15,-9.0,32.5,9.2,1
1616,18,1,4,6,18,-6.9,37.1,1.8,1
3246,2,4,2,12,12,9.4,1.6,5.2,0
512,23,3,4,18,17,19.2,6.1,9.0,0
828,7,7,1,1,1,13.2,31.7,6.8,1
3448,1,5,1,17,11,21.0,45.0,4.7,0
2908,7,4,5,11,1,14.0,31.2,3.6,1
775,12,7,5,10,15,23.1,6.7,4.4,0
3565,12,5,3,19,10,1.0,5.8,5.6,0
2604,0,2,4,14,7,-4.4,42.2,3.9,1
3067,5,6,1,10,2,19.8,7.0,9.7,0
2886,23,4,5,15,10,14.2,26.0,9.4,0
1222,18,2,4,19,4,-8.7,1.9,8.8,0
4179,15,4,5,4,12,9.0,4.0,4.8,0
1671,7,4,5,2,19,-4.7,33.6,7.2,1
2243,0,2,1,9,11,16.6,34.5,9.1,0
1787,15,3,1,10,8,9.8,17.1,8.7,0
4232,8,1,5,11,18,20.7,10.8,4.7,0
3951,12,5,2,14,11,30.3,40.7,2.0,1
3540,10,4,5,7,11,5.0,10.9,1.7,0
3866,12,5,5,15,13,38.1,27.1,6.2,0
2426,20,6,3,19,3,16.8,48.4,6.8,0
3014,9,2,3,15,12,20.9,7.4,8.6,0
4052,3,5,3,8,3,24.0,47.0,3.6,1
695,5,2,2,11,10,23.3,9.1,2.5,0
828,6,5,2,9,17,15.5,28.4,4.4,0
1465,4,1,5,15,2,11.4,18.9,4.2,0
4592,10,1,3,1,17,-7.3,48.2,2.2,1
798,12,1,2,1,16,-8.9,13.7,7.1,0
495,18,1,1,19,2,7.9,20.0,5.6,0
4271,22,1,5,3,20,6.7,49.1,7.5,0
4460,9,1,4,10,6,9.4,26.8,4.2,0
2602,9,2,5,8,10,-3.1,25.1,3.9,0
1919,10,4,4,15,10,26.9,12.9,5.3,0
817,20,5,3,10,8,32.8,35.1,8.9,0
2882,6,1,4,1,1,36.9,0.7,1.4,0
3677,17,2,3,18,13,14.6,2.5,8.2,0
243,3,2,1,2,9,25.0,30.0,4.3,0
3240,1,2,4,19,10,32.8,17.1,8.7,0
4591,13,4,5,13,15,10.9,47.7,8.2,0
3038,12,5,3,1,5,5.5,45.2,4.1,1
3736,11,4,5,2,16,36.8,35.7,7.2,0
3322,6,3,2,16,13,15.8,40.9,2.4,1
1267,1,7,3,15,20,14.9,33.4,9.1,1
2716,12,2,4,13,18,-1.1,6.3,4.6,0
1162,13,3,3,16,11,-4.6,38.3,5.1,1
2256,16,6,5,17,9,32.1,10.5,7.4,0
3082,8,1,1,7,16,20.7,16.2,8.4,0
3394,16,7,3,17,2,6.3,41.0,3.1,0
4829,7,1,4,7,2,-0.4,26.8,7.0,0
1256,1,4,2,13,12,17.8,43.0,4.5,0
832,23,7,1,5,8,19.2,10.7,4.3,0
4430,12,5,2,17,9,0.3,30.4,7.2,0
4946,2,3,3,3,12,32.6,4.2,4.5,0
1053,15,5,5,7,9,-5.8,32.2,4.1,1
2639,5,4,5,17,10,7.8,38.1,8.5,0
3424,18,1,4,7,2,24.0,29.2,1.9,0
3401,6,7,5,1,16,3.7,13.3,7.1,0
1642,9,5,1,17,20,31.4,1.6,3.2,0
1291,8,5,5,17,7,27.0,6.0,1.1,0
3093,1,1,4,11,2,29.5,31.1,2.5,1
2781,14,7,3,3,1,-4.0,46.7,6.5,1
1317,4,3,3,15,19,-3.0,10.3,7.4,0
1640,21,1,5,11,4,4.3,36.8,1.2,1
3336,3,5,2,16,2,15.9,43.3,1.3,1
2486,19,3,3,9,14,27.4,26.0,9.1,0
3819,3,3,5,1,2,31.8,33.5,1.7,1
1488,17,1,4,16,15,25.2,40.8,9.0,0
1956,3,5,5,9,12,36.4,13.0,3.1,0
1465,16,4,3,19,5,26.9,14.8,7.7,0
599,11,5,4,12,20,5.3,0.0,3.8,0
1780,21,2,5,19,7,3.3,48.2,8.7,0
610,16,7,1,9,10,24.8,45.9,7.3,0
4412,9,6,4,7,14,-0.4,38.2,4.6,1
1424,21,4,1,14,14,-5.4,4.0,1.7,1
1255,0,3,2,19,5,16.6,22.4,7.6,0
1927,21,4,4,19,18,31.1,5.1,6.6,0
3241,23,7,1,2,14,-4.9,0.8,1.0,1
3586,17,3,3,9,2,29.6,30.8,1.1,1
1910,17,7,3,13,12,30.6,48.0,8.3,0
3023,13,3,2,15,6,14.1,45.1,3.3,0
2314,14,4,4,3,4,-7.1,34.8,6.7,1
4286,11,3,4,11,13,-1.3,4.8,5.1,0
813,3,3,4,14,4,25.4,13.7,8.8,0
3702,2,2,2,8,14,25.6,16.0,9.3,0
4234,19,5,4,18,16,34.9,38.2,10.0,0
3622,11,5,3,19,4,19.1,40.1,2.4,1
4368,6,6,1,16,1,-3.8,19.3,8.8,0
4848,10,6,3,2,13,-3.9,20.9,3.4,0
4949,0,2,3,8,4,26.1,2.2,6.3,0
1343,5,6,1,6,20,-0.8,14.5,5.6,1
3809,14,7,3,12,18,6.4,22.6,1.2,0
1181,14,4,2,15,6,14.4,5.8,9.4,0
555,18,1,1,8,3,-8.8,22.7,1.7,1
994,10,7,3,4,13,2.4,42.7,7.2,0
1484,22,1,5,15,16,10.4,29.1,8.1,0
2058,1,1,3,20,5,4.0,3.9,8.2,0
3172,13,2,2,17,4,-3.2,9.6,2.2,1
2096,1,7,4,13,8,26.4,23.7,5.0,0
4385,3,2,3,18,19,30.7,18.1,8.5,0
604,16,3,4,2,14,2.9,17.9,3.7,0
1314,2,1,5,13,7,28.7,26.5,5.2,0
1631,12,4,3,13,14,9.3,29.2,3.5,0
3540,8,6,1,15,6,15.3,39.8,5.2,0
923,6,4,4,20,12,32.8,17.0,9.0,0
1028,14,6,5,10,16,27.5,40.3,5.1,0
233,22,1,1,3,17,30.3,16.9,6.0,0
2205,10,1,1,19,13,-3.2,2.8,4.6,0
3727,19,1,1,3,14,-6.5,27.7,5.1,0
4880,1,2,1,14,7,34.7,29.4,1.1,0
1952,14,7,3,8,14,9.4,46.7,3.6,0
4275,13,6,3,4,15,4.4,36.3,4.9,0
3033,19,7,3,20,12,26.2,45.9,6.7,1
3384,21,2,5,11,17,31.8,45.4,5.1,0
4398,10,2,5,11,9,33.1,30.2,4.0,0
2911,2,5,5,11,15,5.8,26.4,4.5,0
1350,16,4,2,2,12,32.6,27.9,3.2,0
3612,11,4,5,17,2,-8.0,48.9,9.3,1
1356,23,3,3,9,5,-7.5,38.7,5.7,1
3476,20,2,3,2,13,21.2,5.3,1.1,0
3586,14,6,2,15,20,-6.8,38.9,1.2,1
3684,15,5,2,16,8,6.2,8.5,9.8,0
1496,4,5,5,4,14,23.6,22.4,3.0,0
3737,19,7,4,8,15,6.9,10.5,8.3,0
3430,5,4,2,9,11,-1.0,34.5,1.5,1
2803,18,2,1,5,1,4.1,43.9,9.3,0
570,4,3,3,16,3,12.9,14.5,8.9,0
1453,2,2,1,13,17,13.8,4.1,6.1,0
2883,0,7,3,7,19,29.2,14.9,1.1,1
2931,5,1,3,20,14,27.5,33.6,3.3,0
457,14,2,2,17,8,12.8,16.4,4.7,0
3119,1,7,2,3,13,32.3,13.9,5.1,0
767,2,1,1,5,20,-4.3,9.2,3.7,0
4568,16,1,3,19,3,2.8,24.9,1.3,0
1245,23,3,1,12,5,31.4,13.8,6.3,0
4285,11,6,4,7,9,8.9,36.6,5.7,0
3819,17,4,1,9,6,39.1,3.8,3.5,0
2845,14,2,5,6,2,13.3,33.2,1.3,1
639,11,1,1,17,13,29.6,11.9,10.0,0
2879,15,2,5,16,5,10.1,24.5,5.3,0
4236,7,6,5,3,8,11.2,14.3,7.8,0
4935,13,4,5,4,1,9.1,36.1,5.1,0
3875,16,6,4,10,20,26.0,47.3,1.4,1
2608,20,4,1,5,12,17.4,45.9,3.8,0
2879,7,5,1,10,11,37.2,29.2,3.9,0
1024,14,4,4,12,7,2.5,23.1,8.5,0
3056,13,3,3,10,15,-5.0,40.9,6.9,1
1681,17,6,2,13,11,9.7,34.2,3.5,0
3424,19,1,1,11,16,20.8,9.2,9.7,0
4585,6,5,2,16,3,33.0,41.0,3.9,0
355,2,3,4,8,20,7.3,21.4,10.0,0
4904,11,2,3,8,14,22.7,9.4,10.0,0
1938,20,6,3,8,3,7.5,14.1,2.7,1
2044,23,7,3,13,1,20.9,13.4,3.8,0
109,2,7,4,2,15,34.2,26.0,5.4,0
2971,19,1,5,12,1,1.6,11.7,7.0,0
897,13,4,5,10,17,10.2,6.2,5.8,0
1115,14,1,2,12,2,39.7,6.2,9.7,0
1924,13,7,5,11,20,33.4,29.2,7.5,0
4569,6,2,5,15,6,18.2,36.7,2.9,1
3236,16,5,3,16,8,15.8,16.1,1.9,0
2293,11,5,3,17,16,4.2,1.7,7.2,0
323,19,6,2,2,19,15.9,6.4,2.4,0
4258,3,5,1,18,1,32.4,45.7,8.1,0
4025,8,6,2,12,3,24.3,24.7,3.8,0
4884,5,6,2,19,3,4.5,22.7,3.9,0
4100,15,6,4,18,5,0.1,1.9,1.1,0
1733,21,7,4,17,12,3.3,36.4,7.3,0
2252,21,7,2,6,12,-1.5,26.4,2.0,1
610,20,4,2,15,20,-5.2,10.1,8.0,1
484,20,3,2,3,13,11.0,5.5,5.4,0
504,1,6,5,6,20,-4.3,19.2,8.1,1
4713,23,6,4,3,9,-1.4,41.9,6.3,1
4671,7,3,2,1,7,17.4,43.3,1.7,1
2100,10,1,3,13,4,-1.8,30.1,7.9,1
2856,12,6,3,14,19,-6.8,36.4,1.6,1
1768,16,4,5,13,19,5.9,5.8,5.3,0
1560,7,5,5,4,6,1.0,29.4,2.6,0
3736,20,5,1,7,13,15.8,33.3,7.8,0
2824,17,2,1,10,11,-4.9,10.0,9.2,0
4909,17,2,1,7,13,27.6,44.0,6.0,0
4278,13,5,5,15,13,35.3,9.7,5.7,0
2148,14,5,5,15,20,27.2,15.7,7.9,0
4246,5,7,5,4,15,16.6,31.0,1.0,1
4880,10,4,3,6,13,33.0,31.9,9.3,0
816,12,3,5,20,11,24.7,35.0,2.8,1
4644,0,2,3,5,19,-9.5,5.6,9.9,0
4683,5,7,1,20,8,9.7,42.5,7.6,0
1923,8,7,1,12,20,32.5,26.6,8.0,0
2181,7,3,1,1,8,7.3,23.6,6.9,0
3519,10,7,2,8,10,-8.2,49.1,5.2,1
1674,21,4,2,1,16,27.3,37.0,6.1,0
349,18,5,4,5,19,30.1,5.9,1.4,0
773,23,6,4,6,11,-2.0,37.8,6.6,1
4633,8,3,4,3,13,16.9,4.8,6.6,0
2265,16,5,2,15,9,-0.4,1.4,9.0,0
870,11,5,2,5,20,26.0,20.2,5.6,0
4062,13,1,4,14,19,3.6,49.7,1.7,1
4463,14,3,4,18,16,5.8,8.7,3.8,0
2084,15,7,5,16,7,32.2,33.6,6.9,0
1177,21,6,4,6,19,13.8,8.7,3.2,0
335,21,3,5,14,12,23.5,36.2,3.5,0
488,19,7,3,8,15,10.1,25.3,8.4,0
3137,0,5,2,7,14,4.9,34.0,6.3,0
4958,9,6,4,8,11,21.3,10.1,5.6,0
1948,7,7,2,13,10,-2.3,37.3,3.9,1
4819,17,4,2,6,11,8.6,49.8,7.6,0
2914,0,7,2,18,6,0.5,33.3,3.6,0
3474,1,1,3,2,2,24.8,24.7,7.6,0
3378,0,5,1,8,11,37.2,46.2,1.6,1
1352,0,7,4,11,19,39.8,0.8,8.8,0
4081,8,2,1,1,6,12.5,36.5,5.5,0
4773,12,2,1,6,14,2.6,44.4,4.9,1
2222,0,1,1,16,20,12.1,3.1,6.5,0
4630,12,4,2,20,6,32.4,22.5,6.6,0
2250,19,5,5,12,17,0.3,10.2,2.2,0
4959,21,3,2,11,10,37.6,28.3,7.8,0
1429,6,1,2,10,1,7.1,32.5,3.5,1
1458,1,4,1,3,3,39.3,15.1,9.1,0
2582,5,3,2,13,8,31.9,23.0,8.4,0
4642,6,2,1,3,8,30.4,14.0,4.1,0
2117,13,2,5,15,20,5.9,18.5,8.3,0
1431,17,3,4,16,15,-9.6,8.0,4.2,0
4444,14,1,1,13,7,9.1,44.3,1.9,1
4361,1,2,5,17,11,5.1,0.5,9.7,0
1458,9,5,4,3,7,-8.1,44.1,6.9,1
4737,22,6,3,20,4,15.3,28.6,5.1,0
4954,11,7,1,11,12,10.2,16.6,4.6,0
3277,16,3,1,19,6,21.7,36.2,3.9,0
2228,7,3,3,11,14,21.1,25.4,9.8,0
2280,10,2,3,16,12,-4.0,25.0,2.2,1
4992,2,1,1,3,11,38.8,5.5,3.8,0
237,5,5,3,6,19,-0.7,19.5,5.4,0
3572,8,1,2,14,5,12.3,12.1,5.3,0
2932,5,4,4,18,14,14.4,0.8,5.2,0
3679,8,4,4,17,16,30.7,18.0,2.6,0
3131,6,6,4,4,13,-5.0,4.5,2.3,1
4264,8,2,2,15,20,11.4,12.8,3.3,0
2693,17,2,3,11,4,21.4,4.6,9.2,0
4400,11,2,5,3,11,0.8,5.0,2.0,0
3918,7,6,3,3,17,21.4,10.0,7.8,0
4238,7,4,1,16,7,36.2,50.0,7.8,0
3923,17,1,4,5,14,39.9,0.1,8.3,0
4142,19,6,3,10,11,-8.4,31.9,9.0,1
2006,14,6,5,19,9,1.8,7.1,3.4,0
860,6,1,1,4,13,5.5,46.0,3.0,0
3545,10,2,2,19,18,10.0,4.7,5.2,0
999,19,5,2,11,11,2.1,47.8,3.4,0
4555,15,1,5,2,15,0.2,30.5,7.6,0
3047,3,4,1,10,19,37.7,0.1,6.7,0
1819,5,3,4,11,1,35.9,44.7,8.9,1
380,21,3,3,20,4,-7.7,26.1,1.7,1
3366,2,7,1,16,14,6.9,13.1,9.2,0
1987,8,7,2,19,14,10.3,38.4,3.6,0
3366,9,6,5,11,3,2.0,46.3,5.4,0
766,13,3,5,14,17,21.4,24.2,4.9,0
4288,10,5,3,2,3,22.0,15.8,7.8,0
771,17,2,5,5,16,32.5,39.4,4.8,0
2069,21,4,5,5,14,27.0,34.1,9.5,0
4256,11,7,1,19,20,17.1,44.4,9.1,1
3222,22,5,4,12,13,22.7,34.6,8.8,1
4799,11,4,3,18,15,3.7,12.2,1.6,0
4877,12,4,1,4,14,19.7,46.6,8.7,0
4000,12,2,4,17,19,14.5,5.2,8.0,0
623,18,6,1,10,6,-3.3,13.4,1.9,1
2493,18,3,1,20,10,2.1,26.0,2.0,0
3217,22,2,5,6,15,4.6,28.3,1.9,1
2693,13,5,4,14,20,36.2,0.8,1.1,0
2068,3,6,3,11,6,1.5,39.0,5.9,1
1853,12,5,3,11,10,4.5,18.1,9.8,0
2396,7,6,4,18,7,8.5,20.3,4.9,0
2361,22,7,5,18,17,23.2,40.5,5.9,0
2386,20,5,2,11,18,-4.1,19.0,9.7,0
4302,22,2,1,12,17,37.7,2.4,3.3,0
2978,18,6,5,5,9,33.3,8.8,8.7,0
4243,11,6,4,9,10,18.9,47.8,5.9,1
3744,17,4,1,9,10,23.7,3.5,6.1,0
4532,5,4,3,10,7,-9.2,17.7,4.1,0
2155,17,1,2,19,16,6.9,25.2,6.1,0
4820,18,5,3,1,18,29.8,24.7,1.7,0
1376,21,4,4,7,6,-6.1,0.2,7.9,0
2866,4,1,1,4,20,4.1,25.1,3.6,0
402,23,7,4,1,1,19.3,19.2,9.0,0
738,8,7,1,15,1,2.8,48.6,4.3,0
155,2,4,5,8,12,36.7,8.0,2.3,0
4921,9,5,2,12,2,-3.4,17.7,7.3,1
625,18,6,5,18,4,29.9,21.0,2.5,0
4669,2,3,5,15,17,15.4,19.5,7.8,0
4223,21,5,4,17,4,27.5,33.3,9.7,0
2225,14,2,2,14,11,5.5,10.8,8.0,0
3387,0,7,1,14,4,15.7,11.1,1.2,0
464,6,4,1,18,1,32.8,36.5,6.4,0
4721,11,4,3,20,7,13.3,25.0,7.3,0
1746,16,6,1,18,18,8.0,20.8,8.4,0
1018,20,2,4,16,9,16.8,8.5,1.5,0
2897,23,6,5,1,3,25.9,9.4,5.3,0
1631,19,2,5,11,8,12.2,0.5,5.8,0
3445,4,3,5,15,19,36.9,4.6,2.5,0
2006,3,7,2,12,4,4.7,27.8,3.9,0
3186,11,4,1,8,18,13.8,44.6,5.0,0
4680,19,4,4,20,20,27.8,14.4,8.5,0
2175,23,3,2,6,11,24.5,16.4,9.4,0
813,17,1,3,3,14,33.2,5.8,6.7,0
1162,16,7,4,13,18,39.8,19.4,4.6,0
2076,18,6,4,13,16,11.3,1.9,3.3,0
1396,8,3,4,2,3,-4.4,45.9,9.8,1
225,3,6,5,5,15,-8.5,33.7,9.8,1
4732,20,5,4,17,4,26.3,49.5,9.3,0
3696,1,4,1,6,5,33.7,44.1,8.1,0
3383,3,6,4,2,17,1.0,23.6,3.9,0
1703,1,2,5,4,7,-2.1,26.0,8.4,0
166,14,6,4,11,16,-6.9,9.5,4.7,1
332,1,5,3,8,14,31.1,23.1,3.9,0
2256,3,7,3,12,16,5.6,45.2,7.7,0
1269,5,4,5,8,7,10.1,2.5,1.7,0
2258,6,3,1,11,9,15.1,43.2,1.4,1
4306,9,5,1,20,4,32.0,17.0,5.0,0
1593,18,4,2,8,11,22.5,45.0,5.0,0
4818,18,6,5,8,2,20.8,47.0,9.1,0
4107,21,7,4,17,12,-1.2,33.5,2.1,1
2572,11,1,5,20,12,15.7,33.2,2.1,1
2760,2,7,2,20,4,25.8,22.6,2.3,0
2839,12,1,5,16,18,38.7,41.8,1.3,1
1861,17,2,5,14,7,0.1,48.1,1.6,1
3614,7,7,2,11,1,-9.5,38.8,6.9,1
2075,20,4,1,7,13,-6.2,31.1,4.9,1
2462,14,1,4,16,6,8.8,30.3,7.9,0
976,0,3,2,13,6,31.0,42.5,9.9,0
3912,2,4,3,15,12,-9.6,27.1,6.9,0
3548,7,3,1,16,8,12.8,40.2,1.5,1
1412,3,7,3,9,19,6.5,25.4,1.9,0
1560,15,3,1,3,5,-7.4,3.1,8.9,0
2809,22,1,4,19,18,12.5,19.2,5.7,0
2424,9,4,4,20,5,2.7,22.2,8.4,0
1833,11,6,5,5,10,7.6,7.1,8.7,0
1705,13,5,3,10,1,25.3,5.1,9.3,0
2663,13,1,1,17,10,16.1,26.8,9.5,0
3521,1,1,4,15,5,-3.8,4.3,6.0,0
3617,22,6,2,8,12,38.1,15.1,4.1,0
2497,4,4,4,15,7,21.8,37.2,9.7,0
3835,4,4,2,14,9,28.3,48.2,5.9,0
2970,5,7,1,20,12,-6.0,35.9,1.6,1
1260,12,3,4,7,1,-7.6,49.6,6.8,1
4954,8,7,4,12,11,-9.0,34.9,6.3,1
342,21,6,1,17,15,-0.6,14.7,9.1,0
2690,14,7,4,17,2,10.7,33.6,6.9,1
1163,13,6,2,10,20,36.8,35.1,4.1,0
4424,23,4,4,19,7,12.9,18.6,9.7,0
2695,6,3,3,14,12,4.5,0.9,8.2,0
1019,19,7,5,11,18,18.1,35.2,6.7,0
105,1,1,2,2,3,-4.4,1.1,3.6,0
567,6,2,3,18,7,20.5,31.6,4.4,0
4270,5,5,1,7,11,18.4,8.2,7.0,0
103,16,1,2,12,18,29.6,28.3,1.6,0
745,1,4,5,2,12,39.3,25.2,3.3,0
217,2,5,5,20,6,2.5,0.7,7.4,0
3028,4,2,1,18,5,15.5,18.1,5.3,0
2651,4,2,1,6,1,35.4,30.1,4.6,0
4389,0,3,2,10,12,29.3,42.4,2.4,1
946,7,5,4,20,11,14.4,44.4,5.0,1
2862,11,3,1,15,4,37.3,24.2,7.9,0
1241,23,1,4,5,18,-7.1,36.4,3.4,1
1910,3,6,3,20,4,36.5,15.8,1.0,1
823,12,6,5,3,17,-7.5,17.1,7.0,1
324,22,6,4,5,2,17.4,9.7,9.8,0
4727,14,5,5,8,2,34.5,28.1,6.5,0
4308,10,6,4,8,12,3.1,15.7,2.1,0
4754,9,1,3,8,6,13.6,4.2,3.9,0
2148,2,3,1,12,10,6.2,34.3,8.8,0
4849,21,5,3,8,16,37.6,35.4,3.1,0
4515,13,3,1,11,14,31.2,18.0,6.5,0
1673,15,5,1,14,7,25.5,3.8,4.6,0
1928,9,3,5,8,19,19.4,21.3,2.9,0
2017,9,2,3,10,17,31.0,22.1,8.3,0
4334,11,3,4,7,9,9.6,33.4,7.7,0
2126,8,6,3,17,13,12.4,15.8,7.0,0
3844,0,2,5,4,5,26.5,34.1,3.1,0
1001,4,3,1,13,5,7.9,43.6,1.9,1
4885,19,5,5,4,10,-6.8,11.9,6.2,0
2139,7,5,2,5,10,-6.3,48.9,6.0,1
109,10,5,2,4,7,-4.2,19.3,2.7,1
360,11,4,4,18,15,33.5,13.4,1.5,0
1773,0,1,5,6,7,13.6,21.1,1.7,0
2319,21,5,4,2,15,25.6,4.7,9.9,0
2160,19,2,4,11,3,9.6,6.3,8.1,0
3813,10,5,2,14,19,2.9,20.7,9.3,0
1719,4,4,4,5,10,7.4,38.1,2.8,1
420,14,6,2,6,15,29.7,45.0,9.6,0
1442,4,2,1,10,3,21.3,33.2,2.3,1
2476,11,4,5,8,6,36.9,5.3,5.6,0
2932,4,6,4,14,12,24.0,33.6,8.5,0
2924,16,7,2,3,15,18.5,31.8,4.1,0
2094,16,7,3,12,6,20.5,40.3,4.8,0
3058,23,2,4,16,13,37.1,41.3,2.2,1
2138,11,3,1,17,19,29.4,43.4,2.1,1
3590,23,1,1,1,3,-8.8,20.7,6.6,0
3777,14,1,3,10,8,16.7,34.9,7.1,0
1218,14,4,2,10,8,24.4,13.4,8.0,0
1704,5,6,4,2,20,27.4,50.0,6.0,0
4127,11,1,2,9,15,0.7,8.8,6.8,0
335,19,6,1,13,4,33.4,0.5,1.1,0
2069,17,6,2,16,19,37.8,7.4,2.5,0
4529,13,4,1,18,3,1.8,38.8,9.9,0
2008,1,4,2,19,13,34.1,22.3,1.7,0
475,8,4,3,12,8,-5.2,22.4,7.1,0
3630,4,1,5,8,16,-7.2,47.8,2.6,1
2735,19,7,3,17,13,-3.5,46.0,7.5,1
1670,0,4,3,15,3,-7.1,15.6,7.4,0
2660,22,1,5,10,16,32.3,10.5,3.1,0
3491,2,4,5,15,9,-7.0,42.4,3.4,1
3065,5,5,4,15,14,3.6,45.3,6.9,0
3743,4,6,4,7,13,-4.8,27.1,4.5,0
3950,20,4,3,13,7,4.8,31.5,2.8,1
972,4,2,3,17,15,-5.5,12.8,7.6,0
1352,0,6,1,9,7,23.4,40.0,2.4,1
1414,16,6,1,8,6,-3.3,31.6,8.7,1
4920,18,4,4,20,2,32.6,25.2,5.6,0
2998,13,7,4,18,9,30.9,3.0,2.0,0
177,11,3,1,13,17,-9.3,45.8,7.2,1
2721,9,7,1,16,5,34.8,30.8,5.7,0
4327,19,4,2,9,12,-8.6,9.6,3.7,0
700,20,6,2,12,1,2.0,30.3,4.8,0
1165,17,2,1,12,10,-8.4,33.9,3.7,1
2236,23,6,2,6,11,6.8,26.3,3.4,0
2549,10,7,5,19,16,15.7,35.9,2.5,1
2443,1,2,4,7,14,29.8,29.1,4.3,0
1963,17,1,4,3,8,6.9,47.4,3.3,0
1418,6,5,1,16,17,25.3,2.7,7.2,0
4811,23,6,3,18,18,-0.6,5.3,7.2,0
3697,14,4,1,16,12,27.5,8.7,5.5,0
3862,10,1,2,7,17,1.8,34.5,8.0,0
4770,17,5,3,4,14,-2.8,32.3,8.6,1
2290,22,4,2,8,16,-0.7,44.6,6.2,1
1092,11,3,5,13,14,-0.9,36.6,6.6,1
2812,5,4,2,13,9,15.6,25.4,3.5,0
2292,19,2,5,17,4,32.2,49.6,9.1,0
1348,22,2,5,17,11,-6.0,13.3,1.2,1
3154,12,3,2,5,6,25.3,41.7,4.1,0
4698,19,1,2,6,15,22.7,21.3,7.5,0
4133,15,5,5,19,5,33.6,32.4,1.7,1
2097,17,4,3,13,11,2.2,36.4,2.6,1
3787,9,2,5,14,18,12.5,31.7,6.3,0
2251,22,1,4,4,13,36.3,7.0,6.0,0
4118,7,3,5,7,11,23.0,22.1,7.7,0
3210,17,7,3,8,14,9.4,28.1,8.3,0
2070,20,6,4,13,18,-3.4,42.5,2.2,1
297,0,7,1,6,19,3.1,22.2,1.2,0
2726,22,7,1,6,15,19.1,45.9,7.2,0
1302,7,2,3,3,9,25.9,22.0,3.7,0
2135,5,3,5,3,8,-3.8,27.4,6.6,0
577,4,4,2,13,20,20.0,39.8,2.4,1
1354,14,7,3,2,1,17.5,29.2,5.2,0
1022,21,7,4,16,4,15.7,48.0,5.5,0
519,14,5,4,6,14,24.5,33.0,6.3,0
2304,1,2,1,8,2,31.9,26.1,5.6,0
2697,0,2,4,8,16,6.1,1.2,5.5,0
1220,22,4,3,6,3,34.5,20.7,4.0,0
3168,22,6,4,14,8,-2.0,15.0,1.6,1
1050,10,1,3,3,6,-1.3,37.4,1.8,1
2436,9,5,2,10,16,3.3,10.4,4.9,0
2343,17,2,1,3,16,-4.0,10.3,4.2,1
2745,17,5,4,12,7,1.5,9.5,5.6,0
1957,16,2,3,17,13,-4.7,6.3,3.7,0
4712,7,5,5,5,13,31.1,15.6,7.2,0
1965,14,3,1,20,5,-3.1,44.3,8.8,1
3012,7,7,2,9,20,27.4,38.7,3.7,0
2953,16,2,3,20,18,-7.6,36.8,2.7,1
3328,11,5,2,7,15,37.4,39.9,2.0,1
3819,7,1,2,4,18,25.6,13.5,6.5,0
3328,13,3,4,13,2,-9.7,44.4,5.0,1
2471,3,3,4,13,10,28.2,6.9,2.7,0
2991,0,1,3,10,13,15.7,16.8,6.9,0
3856,0,5,5,18,18,29.0,29.3,2.3,0
4325,18,4,3,17,15,16.1,5.1,6.0,0
194,15,1,5,20,12,22.1,36.5,5.7,0
2774,13,5,2,20,15,29.3,19.4,7.6,0
2055,20,1,1,13,13,10.3,39.2,1.5,1
893,15,1,3,17,18,-9.9,24.6,9.0,0
1934,4,2,3,4,15,32.5,9.0,7.3,0
2216,8,5,5,1,11,9.0,36.7,2.9,1
4206,1,4,2,1,19,14.8,12.6,2.7,0
3425,17,7,2,15,3,-9.6,24.5,4.9,0
3019,5,2,5,13,7,14.6,3.8,8.4,0
2697,8,1,2,17,14,39.3,30.9,8.6,0
3305,0,7,4,8,14,3.9,33.3,5.7,0
4907,8,6,1,18,13,9.8,18.9,8.7,0
914,15,7,3,13,12,24.4,47.7,1.0,1
445,12,1,1,14,9,30.7,43.7,1.3,1
2449,8,1,3,8,1,10.9,35.4,9.2,0
462,20,5,4,8,19,5.5,35.7,8.0,0
2543,12,5,2,15,11,36.9,12.6,5.1,0
2365,8,2,5,13,19,23.9,32.8,7.8,0
2288,10,4,4,7,18,-4.0,9.9,9.6,0
3105,3,2,1,5,12,-6.6,7.2,7.9,0
3381,1,3,5,17,1,14.2,50.0,8.6,0
1084,5,1,2,16,19,1.0,31.1,7.8,1
1739,13,7,4,2,20,2.7,21.5,2.5,0
927,3,6,5,18,17,33.9,14.4,8.5,0
2830,5,1,4,17,5,-5.5,30.2,2.8,1
3631,18,1,4,7,3,25.8,2.5,9.0,0
4551,5,2,2,13,2,3.6,4.7,5.1,0
3035,1,6,3,18,3,28.0,1.6,7.1,0
3976,17,6,5,14,8,26.1,25.0,5.5,0
226,12,6,2,18,16,-9.6,30.0,1.8,1
3277,8,2,4,13,6,15.5,3.1,3.6,0
3156,22,1,2,11,13,-3.0,36.1,9.9,1
703,18,2,3,16,16,33.3,11.5,9.6,0
3549,12,5,5,17,16,33.6,34.3,3.9,0
4246,10,5,3,8,3,10.9,49.1,10.0,0
3633,0,2,1,19,13,12.2,34.6,8.6,0
3467,23,6,5,20,14,5.2,44.2,6.5,0
3468,21,1,3,15,8,25.8,47.4,1.4,1
3897,6,2,4,9,12,7.9,24.3,9.1,0
1892,20,2,5,20,8,3.4,35.1,6.0,1
2961,14,2,5,10,9,11.6,42.6,8.8,0
3576,0,3,2,12,1,-5.4,17.8,8.5,0
3517,11,5,4,20,6,27.3,13.1,8.5,0
1745,6,7,1,1,19,-9.4,47.3,7.3,1
1305,14,6,3,20,11,22.2,36.3,3.6,0
3130,20,4,2,9,11,-0.9,11.0,4.0,0
2972,18,7,3,15,13,1.6,22.5,3.8,0
3172,0,6,1,1,11,21.8,39.8,1.2,1
1954,16,4,1,12,18,39.6,27.4,6.2,0
4121,16,3,5,3,15,28.9,32.5,7.3,0
4762,2,2,1,11,1,1.3,37.7,8.7,0
2808,11,3,3,2,7,-1.2,31.1,2.3,1
3602,5,3,4,16,13,33.3,27.0,5.9,0
1432,10,7,4,9,12,12.2,37.5,1.1,1
301,2,1,5,15,18,-3.1,36.4,1.9,1
3607,7,7,3,12,19,33.1,31.5,1.5,1
4312,13,5,3,1,15,30.8,18.0,7.5,0
674,13,4,1,13,8,39.2,20.3,1.7,0
636,9,2,3,14,19,35.5,48.5,7.4,0
1725,1,7,2,8,10,32.6,5.6,3.2,0
2222,13,4,1,8,7,-7.4,13.4,8.9,0
485,8,6,2,12,18,-4.8,24.6,8.3,0
3381,2,4,5,1,16,18.4,41.8,9.6,0
574,20,6,4,11,20,16.6,8.2,9.0,0
517,7,7,5,8,6,12.9,13.8,9.4,0
3700,15,5,4,10,9,9.8,3.3,8.7,0
1054,1,7,5,19,13,11.6,35.3,7.2,0
4958,5,6,3,11,8,18.5,11.9,2.5,1
1305,20,4,2,7,16,-9.9,19.4,3.4,0
4859,11,4,4,11,13,3.0,22.2,2.9,0
4220,4,6,1,17,13,15.9,44.6,6.4,0
2090,1,3,2,1,17,26.1,20.6,5.5,0
4905,15,5,1,8,20,-1.3,7.3,8.8,0
3672,4,1,2,6,5,17.3,26.2,9.6,0
4480,14,2,2,18,17,25.7,48.1,4.6,0
4258,11,4,5,6,9,12.2,30.4,5.6,0
4857,3,2,4,5,2,-8.6,49.2,9.7,1
2813,14,1,4,13,18,12.5,42.1,3.5,1
